"## CQP query: [word = "".*skapar.*"" & _.text_party_name = ""Moderaterna""] [word = "".*förutsättningar.*""] [word = "".*för.*""]","","","","","","","","","","","","","","",""
"## context: 1 sentence","","","","","","","","","","","","","","",""
"## within: sentence","","","","","","","","","","","","","","",""
"## sorting: none","","","","","","","","","","","","","","",""
"## start: 0","","","","","","","","","","","","","","",""
"## end: 24","","","","","","","","","","","","","","",""
"## Total hits: 19","","","","","","","","","","","","","","",""
"match","word","blingbring","swefn","lemma","complemgram","compwf","lex","sentiment_label","dephead","deprel","msd","pos","ref","ufeats","sense"
"# Svenska partiprogram och valmanifest; text attributes: text_source: """", text_party: ""m"", text_blingbring: ""|förbehåll:11.249|avund:9.341|sparsamhet:9.339|"", text__id: ""578a"", text_lix: ""51.01"", text_nk: ""1.81"", text_ovix: ""71.53"", text_year: ""1984"", text_type: ""Handlingsprogram"", text_type_id: ""h"", text_title: ""Moderaternas handlingsprogram 1984"", text_swefn: ""|Make_possible_to_do:61.594|Limiting:58.115|Preventing:48.033|"", text_party_name: ""Moderaterna""","","","","","","","","","","","","","","",""
"","Säkerhetspolitik","|","|Law|","|säkerhetspolitik|","|säkerhet..nn.1+politik..nn.1:9.387e-13|säker..av.1+hetspolitik..nn.1:1.569e-15|","|säkerhets+politik|säker+hetspolitik|","|säkerhetspolitik..nn.1|","null","2","CJ","NN.UTR.SIN.IND.NOM","NN","1","|Case=Nom|Definite=Ind|Gender=Com|Number=Sing|","|säkerhetspolitik..1:-1.000|"
"","och","|","|","|och|","|","|","|och..kn.1|","null","14","SS","KN","KN","2","|","|och..1:-1.000|"
"","försvar","|bifall|fördel|hjälp|motbevis|motstånd|rättfärdigande|skydd|säkerhet|","|Defending|","|försvar|","|föra..vb.1+svar..nn.1:3.177e-11|för..nn.1+svar..nn.1:6.513e-14|före..nn.1+var..nn.1:2.888e-27|","|för+svar|förs+var|","|försvar..nn.1|","neutral","2","CJ","NN.NEU.SIN.IND.NOM","NN","3","|Case=Nom|Definite=Ind|Gender=Neut|Number=Sing|","|försvar..2:1.000|försvar..1:0.000|"
"","Sveriges","|","|","|Sverige|","|","|","|Sverige..pm.1|","null","6","DT","PM.GEN","PM","4","|Case=Gen|","|Sverige..1:-1.000|"
"","alliansfria","|","|","|alliansfri|","|allians..nn.1+fri..av.1:3.108e-12|","|allians+fria|","|alliansfri..av.1|","null","6","AT","JJ.POS.UTR+NEU.SIN.DEF.NOM","JJ","5","|Case=Nom|Definite=Def|Degree=Pos|Gender=Com,Neut|Number=Sing|","|alliansfri..1:-1.000|"
"","politik","|förfarande|försiktighet|planmässighet|skicklighet|slughet|","|","|politik|","|","|","|politik..nn.1|","neutral","2","AN","NN.UTR.SIN.IND.NOM","NN","6","|Case=Nom|Definite=Ind|Gender=Com|Number=Sing|","|politik..1:-1.000|"
"",",","|","|","|","|","|","|","null","6","IK","MID","MID","7","|","|"
"","stödd","|","|","|stödja|","|","|","|stödja..vb.1|","positive","6","PT","PC.PRF.UTR.SIN.IND.NOM","PC","8","|Case=Nom|Definite=Ind|Gender=Com|Number=Sing|Tense=Past|VerbForm=Part|","|stödja..2:0.844|stödja..1:0.109|stödja..4:0.035|stödja..3:0.012|"
"","på","|","|","|på|","|","|","|på..pp.1|","null","8","OA","PP","PP","9","|","|på..1:-1.000|"
"","ett","|","|","|en|","|","|","|en..al.1|","null","12","DT","DT.NEU.SIN.IND","DT","10","|Definite=Ind|Gender=Neut|Number=Sing|","|den..1:-1.000|en..2:-1.000|"
"","starkt","|betydenhet|färg|förmåga|hälsa|hårdhet|kallblodighet|kraftyttring|ljudstyrka|seghet|smakstyrka|styrka|våldsamhet|","|Exertive_force|","|stark|","|","|","|stark..av.1|","positive","12","AT","JJ.POS.NEU.SIN.IND.NOM","JJ","11","|Case=Nom|Definite=Ind|Degree=Pos|Gender=Neut|Number=Sing|","|stark..1:0.964|stark..3:0.025|stark..2:0.009|stark..5:0.002|stark..4:0.000|"
"","försvar","|bifall|fördel|hjälp|motbevis|motstånd|rättfärdigande|skydd|säkerhet|","|Defending|","|försvar|","|föra..vb.1+svar..nn.1:3.177e-11|för..nn.1+svar..nn.1:6.513e-14|före..nn.1+var..nn.1:2.888e-27|","|för+svar|förs+var|","|försvar..nn.1|","neutral","9","PA","NN.NEU.SIN.IND.NOM","NN","12","|Case=Nom|Definite=Ind|Gender=Neut|Number=Sing|","|försvar..2:0.959|försvar..1:0.041|"
"",",","|","|","|","|","|","|","null","6","IK","MID","MID","13","|","|"
"","bidrar","|benägenhet|bortgivande|enighet|gemensamhet|grund|nytta|sammanslutning|samverkan|tilltagande|vidfogning|","|Giving|","|bidra|","|bi..nn.1+dra..vb.1:2.246e-12|bi..av.1+dra..vb.1:5.786e-20|","|bi+drar|","|bidra..vb.1|","positive","20","MS","VB.PRS.AKT","VB","14","|Mood=Ind|Tense=Pres|VerbForm=Fin|Voice=Act|","|bidra..1:-1.000|"
"","till","|","|","|till|","|","|","|till..pp.1|","null","14","OA","PP","PP","15","|","|till..1:-1.000|"
"","stabiliteten","|oföränderlighet|orubblighet|varaktighet|","|","|stabilitet|","|sta..ab.1+bi..nn.1+lite..ab.1+ten..nn.1:7.197e-31|sta..ab.1+bi..av.1+lite..ab.1+ten..nn.1:2.844e-42|","|sta+bi+lite+ten|","|stabilitet..nn.1|","positive","15","PA","NN.UTR.SIN.DEF.NOM","NN","16","|Case=Nom|Definite=Def|Gender=Com|Number=Sing|","|stabilitet..1:-1.000|"
"","i","|","|","|i|","|","|","|i..pp.1|","null","16","ET","PP","PP","17","|","|i..2:-1.000|"
"","norra","|ledning|region|","|Part_orientational|","|norra|","|","|","|norra..av.1|","neutral","19","DT","JJ.POS.UTR+NEU.SIN.DEF.NOM","JJ","18","|Case=Nom|Definite=Def|Degree=Pos|Gender=Com,Neut|Number=Sing|","|norra..1:-1.000|"
"","Europa","|","|","|Europa|","|","|","|Europa..pm.1|Europa..pm.2|","null","17","PA","PM.NOM","PM","19","|Case=Nom|","|Europa..1:-1.000|Europa..2:-1.000|"
"","och","|","|","|och|","|","|","|och..kn.1|","null","null","ROOT","KN","KN","20","|","|och..1:-1.000|"
"***","skapar","|alstring|form|förmåga|grund|gudom|skicklighet|tillvaro|verklighet|","|Intentionally_create|","|skapa|","|","|","|skapa..vb.1|","neutral","20","+F","VB.PRS.AKT","VB","21","|Mood=Ind|Tense=Pres|VerbForm=Fin|Voice=Act|","|skapa..1:-1.000|"
"***","förutsättningar","|antagande|betingelse|bevis|förbehåll|förhand|förhoppning|förmåga|grund|logik|omständighet|tankeämne|","|","|förutsättning|","|förut..ab.1+sättning..nn.1:4.029e-12|för..nn.1+ut..ab.1+sättning..nn.1:3.134e-21|föra..vb.1+ut..ab.1+sättning..nn.1:4.884e-22|","|förut+sättningar|för+ut+sättningar|","|förutsättning..nn.1|","neutral","21","OO","NN.UTR.PLU.IND.NOM","NN","22","|Case=Nom|Definite=Ind|Gender=Com|Number=Plur|","|förutsättning..1:-1.000|"
"***","för","|","|","|för|","|","|","|för..pp.1|","null","21","OA","PP","PP","23","|","|för..1:-1.000|för..5:-1.000|för..6:-1.000|för..7:-1.000|för..9:-1.000|"
"","neutralitet","|avslag|frid|indifferens|känslolöshet|lojhet|medelväg|mellangrad|obeslutsamhet|slapphet|sysslolöshet|","|Partiality|","|neutralitet|","|","|","|neutralitet..nn.1|","null","23","PA","NN.UTR.SIN.IND.NOM","NN","24","|Case=Nom|Definite=Ind|Gender=Com|Number=Sing|","|neutralitet..1:-1.000|"
"","i","|","|","|i|","|","|","|i..pp.1|","null","24","ET","PP","PP","25","|","|i..2:-1.000|"
"","krigstid","|","|","|krigstid|","|krig..nn.1+tid..nn.1:5.823e-11|","|krigs+tid|","|krigstid..nn.1|","null","25","PA","NN.UTR.SIN.IND.NOM","NN","26","|Case=Nom|Definite=Ind|Gender=Com|Number=Sing|","|krigstid..1:-1.000|"
"",".","|","|","|","|","|","|","null","20","IP","MAD","MAD","27","|","|"
"# Svenska partiprogram och valmanifest; text attributes: text_source: ""Hämtat från partiets officiella hemsida."", text_party: ""m"", text_blingbring: ""|förbehåll:10.723|räddning:9.108|löshet:8.973|"", text__id: ""1972"", text_lix: ""51.16"", text_nk: ""1.84"", text_ovix: ""70.75"", text_year: ""1984"", text_type: ""Partiprogram"", text_type_id: ""p"", text_title: ""Moderaternas partiprogram 1984"", text_swefn: ""|People_by_jurisdiction:54.056|Limiting:52.46|Make_possible_to_do:51.323|"", text_party_name: ""Moderaterna""","","","","","","","","","","","","","","",""
"","Säkerhetspolitik","|","|Law|","|säkerhetspolitik|","|säkerhet..nn.1+politik..nn.1:9.387e-13|säker..av.1+hetspolitik..nn.1:1.569e-15|","|säkerhets+politik|säker+hetspolitik|","|säkerhetspolitik..nn.1|","null","2","CJ","NN.UTR.SIN.IND.NOM","NN","1","|Case=Nom|Definite=Ind|Gender=Com|Number=Sing|","|säkerhetspolitik..1:-1.000|"
"","och","|","|","|och|","|","|","|och..kn.1|","null","14","SS","KN","KN","2","|","|och..1:-1.000|"
"","försvar","|bifall|fördel|hjälp|motbevis|motstånd|rättfärdigande|skydd|säkerhet|","|Defending|","|försvar|","|föra..vb.1+svar..nn.1:3.177e-11|för..nn.1+svar..nn.1:6.513e-14|före..nn.1+var..nn.1:2.888e-27|","|för+svar|förs+var|","|försvar..nn.1|","neutral","2","CJ","NN.NEU.SIN.IND.NOM","NN","3","|Case=Nom|Definite=Ind|Gender=Neut|Number=Sing|","|försvar..2:1.000|försvar..1:0.000|"
"","Sveriges","|","|","|Sverige|","|","|","|Sverige..pm.1|","null","6","DT","PM.GEN","PM","4","|Case=Gen|","|Sverige..1:-1.000|"
"","alliansfria","|","|","|alliansfri|","|allians..nn.1+fri..av.1:3.108e-12|","|allians+fria|","|alliansfri..av.1|","null","6","AT","JJ.POS.UTR+NEU.SIN.DEF.NOM","JJ","5","|Case=Nom|Definite=Def|Degree=Pos|Gender=Com,Neut|Number=Sing|","|alliansfri..1:-1.000|"
"","politik","|förfarande|försiktighet|planmässighet|skicklighet|slughet|","|","|politik|","|","|","|politik..nn.1|","neutral","2","AN","NN.UTR.SIN.IND.NOM","NN","6","|Case=Nom|Definite=Ind|Gender=Com|Number=Sing|","|politik..1:-1.000|"
"",",","|","|","|","|","|","|","null","6","IK","MID","MID","7","|","|"
"","stödd","|","|","|stödja|","|","|","|stödja..vb.1|","positive","6","PT","PC.PRF.UTR.SIN.IND.NOM","PC","8","|Case=Nom|Definite=Ind|Gender=Com|Number=Sing|Tense=Past|VerbForm=Part|","|stödja..2:0.844|stödja..1:0.109|stödja..4:0.035|stödja..3:0.012|"
"","på","|","|","|på|","|","|","|på..pp.1|","null","8","OA","PP","PP","9","|","|på..1:-1.000|"
"","ett","|","|","|en|","|","|","|en..al.1|","null","12","DT","DT.NEU.SIN.IND","DT","10","|Definite=Ind|Gender=Neut|Number=Sing|","|den..1:-1.000|en..2:-1.000|"
"","starkt","|betydenhet|färg|förmåga|hälsa|hårdhet|kallblodighet|kraftyttring|ljudstyrka|seghet|smakstyrka|styrka|våldsamhet|","|Exertive_force|","|stark|","|","|","|stark..av.1|","positive","12","AT","JJ.POS.NEU.SIN.IND.NOM","JJ","11","|Case=Nom|Definite=Ind|Degree=Pos|Gender=Neut|Number=Sing|","|stark..1:0.964|stark..3:0.025|stark..2:0.009|stark..5:0.002|stark..4:0.000|"
"","försvar","|bifall|fördel|hjälp|motbevis|motstånd|rättfärdigande|skydd|säkerhet|","|Defending|","|försvar|","|föra..vb.1+svar..nn.1:3.177e-11|för..nn.1+svar..nn.1:6.513e-14|före..nn.1+var..nn.1:2.888e-27|","|för+svar|förs+var|","|försvar..nn.1|","neutral","9","PA","NN.NEU.SIN.IND.NOM","NN","12","|Case=Nom|Definite=Ind|Gender=Neut|Number=Sing|","|försvar..2:0.959|försvar..1:0.041|"
"",",","|","|","|","|","|","|","null","6","IK","MID","MID","13","|","|"
"","bidrar","|benägenhet|bortgivande|enighet|gemensamhet|grund|nytta|sammanslutning|samverkan|tilltagande|vidfogning|","|Giving|","|bidra|","|bi..nn.1+dra..vb.1:2.246e-12|bi..av.1+dra..vb.1:5.786e-20|","|bi+drar|","|bidra..vb.1|","positive","20","MS","VB.PRS.AKT","VB","14","|Mood=Ind|Tense=Pres|VerbForm=Fin|Voice=Act|","|bidra..1:-1.000|"
"","till","|","|","|till|","|","|","|till..pp.1|","null","14","OA","PP","PP","15","|","|till..1:-1.000|"
"","stabiliteten","|oföränderlighet|orubblighet|varaktighet|","|","|stabilitet|","|sta..ab.1+bi..nn.1+lite..ab.1+ten..nn.1:7.197e-31|sta..ab.1+bi..av.1+lite..ab.1+ten..nn.1:2.844e-42|","|sta+bi+lite+ten|","|stabilitet..nn.1|","positive","15","PA","NN.UTR.SIN.DEF.NOM","NN","16","|Case=Nom|Definite=Def|Gender=Com|Number=Sing|","|stabilitet..1:-1.000|"
"","i","|","|","|i|","|","|","|i..pp.1|","null","16","ET","PP","PP","17","|","|i..2:-1.000|"
"","norra","|ledning|region|","|Part_orientational|","|norra|","|","|","|norra..av.1|","neutral","19","DT","JJ.POS.UTR+NEU.SIN.DEF.NOM","JJ","18","|Case=Nom|Definite=Def|Degree=Pos|Gender=Com,Neut|Number=Sing|","|norra..1:-1.000|"
"","Europa","|","|","|Europa|","|","|","|Europa..pm.1|Europa..pm.2|","null","17","PA","PM.NOM","PM","19","|Case=Nom|","|Europa..1:-1.000|Europa..2:-1.000|"
"","och","|","|","|och|","|","|","|och..kn.1|","null","null","ROOT","KN","KN","20","|","|och..1:-1.000|"
"***","skapar","|alstring|form|förmåga|grund|gudom|skicklighet|tillvaro|verklighet|","|Intentionally_create|","|skapa|","|","|","|skapa..vb.1|","neutral","20","+F","VB.PRS.AKT","VB","21","|Mood=Ind|Tense=Pres|VerbForm=Fin|Voice=Act|","|skapa..1:-1.000|"
"***","förutsättningar","|antagande|betingelse|bevis|förbehåll|förhand|förhoppning|förmåga|grund|logik|omständighet|tankeämne|","|","|förutsättning|","|förut..ab.1+sättning..nn.1:4.029e-12|för..nn.1+ut..ab.1+sättning..nn.1:3.134e-21|föra..vb.1+ut..ab.1+sättning..nn.1:4.884e-22|","|förut+sättningar|för+ut+sättningar|","|förutsättning..nn.1|","neutral","21","OO","NN.UTR.PLU.IND.NOM","NN","22","|Case=Nom|Definite=Ind|Gender=Com|Number=Plur|","|förutsättning..1:-1.000|"
"***","för","|","|","|för|","|","|","|för..pp.1|","null","21","OA","PP","PP","23","|","|för..1:-1.000|för..5:-1.000|för..6:-1.000|för..7:-1.000|för..9:-1.000|"
"","neutralitet","|avslag|frid|indifferens|känslolöshet|lojhet|medelväg|mellangrad|obeslutsamhet|slapphet|sysslolöshet|","|Partiality|","|neutralitet|","|","|","|neutralitet..nn.1|","null","23","PA","NN.UTR.SIN.IND.NOM","NN","24","|Case=Nom|Definite=Ind|Gender=Com|Number=Sing|","|neutralitet..1:-1.000|"
"","i","|","|","|i|","|","|","|i..pp.1|","null","24","ET","PP","PP","25","|","|i..2:-1.000|"
"","krigstid","|","|","|krigstid|","|krig..nn.1+tid..nn.1:5.823e-11|","|krigs+tid|","|krigstid..nn.1|","null","25","PA","NN.UTR.SIN.IND.NOM","NN","26","|Case=Nom|Definite=Ind|Gender=Com|Number=Sing|","|krigstid..1:-1.000|"
"",".","|","|","|","|","|","|","null","20","IP","MAD","MAD","27","|","|"
"# Svenska partiprogram och valmanifest; text attributes: text_source: """", text_party: ""m"", text_blingbring: ""|fortgång:9.103|betalning:7.93|filantropi:7.856|"", text__id: ""9757"", text_lix: ""51.87"", text_nk: ""1.71"", text_ovix: ""69.72"", text_year: ""1993"", text_type: ""Handlingsprogram"", text_type_id: ""h"", text_title: ""Moderaternas handlingsprogram 1993"", text_swefn: ""|Being_obligatory:60.881|Use_as_a_starting_point:39.874|People_by_jurisdiction:39.681|"", text_party_name: ""Moderaterna""","","","","","","","","","","","","","","",""
"","Det","|","|","|den|","|","|","|den..pn.1|","null","2","FS","PN.NEU.SIN.DEF.SUB+OBJ","PN","1","|Case=Acc,Nom|Definite=Def|Gender=Neut|Number=Sing|","|den..2:-1.000|"
"","finns","|upptäckt|","|Locating|","|finna|finnas|","|","|","|finna..vb.1|finnas..vb.1|","neutral","null","ROOT","VB.PRS.SFO","VB","2","|Mood=Ind|Tense=Pres|VerbForm=Fin|Voice=Pass|","|finna..1:0.581|finnas..1:0.406|finna..2:0.013|"
"","en","|","|","|en|","|","|","|en..al.1|","null","4","DT","DT.UTR.SIN.IND","DT","3","|Definite=Ind|Gender=Com|Number=Sing|","|den..1:-1.000|en..2:-1.000|"
"","rad","|ledning|mängd|ordning|sammanhang|","|Shapes|","|rad|","|","|","|rad..nn.1|rad..nn.2|","neutral","6","DT","NN.UTR.SIN.IND.NOM","NN","4","|Case=Nom|Definite=Ind|Gender=Com|Number=Sing|","|rad..1:0.727|rad..4:0.182|rad..2:0.088|rad..3:0.002|"
"","självständiga","|frihet|fullständighet|omdöme|tillvaro|ursprunglighet|vilja|","|","|självständig|","|","|själv+ständiga|","|självständig..av.1|","neutral","6","AT","JJ.POS.UTR+NEU.PLU.IND+DEF.NOM","JJ","5","|Case=Nom|Definite=Def,Ind|Degree=Pos|Gender=Com,Neut|Number=Plur|","|självständig..1:-1.000|"
"","institutioner","|förening|medel|rådsförsamling|","|Institutions|","|institution|","|","|","|institution..nn.1|","neutral","19","CJ","NN.UTR.PLU.IND.NOM","NN","6","|Case=Nom|Definite=Ind|Gender=Com|Number=Plur|","|institution..1:0.937|institution..2:0.063|"
"",",","|","|","|","|","|","|","null","19","IK","MID","MID","7","|","|"
"","medier","|grammatik|magiker|medelpunkt|medverkan|mellangrad|mitt|","|","|medium|","|","|","|medium..nn.1|medium..nn.2|","neutral","9","CJ","NN.NEU.PLU.IND.NOM","NN","8","|Case=Nom|Definite=Ind|Gender=Neut|Number=Plur|","|medium..4:0.800|medium..5:0.091|medium..1:0.075|medium..3:0.021|medium..2:0.013|"
"","och","|","|","|och|","|","|","|och..kn.1|","null","19","CJ","KN","KN","9","|","|och..1:-1.000|"
"","yrkesgrupper","|","|Aggregate|","|yrkesgrupp|","|yrke..nn.1+grupp..nn.1:6.177e-12|yra..vb.1+kesa..vb.1+grupp..nn.1:3.517e-23|yra..vb.2+kesa..vb.1+grupp..nn.1:3.517e-23|yr..av.1+kesa..vb.1+grupp..nn.1:1.912e-25|","|yrkes+grupper|yr+kes+grupper|","|yrkesgrupp..nn.1|","null","9","CJ","NN.UTR.PLU.IND.NOM","NN","10","|Case=Nom|Definite=Ind|Gender=Com|Number=Plur|","|yrkesgrupp..1:-1.000|"
"","som","|","|","|","|","|","|","null","12","SS","HP.-.-.-","HP","11","|","|"
"***","skapar","|alstring|form|förmåga|grund|gudom|skicklighet|tillvaro|verklighet|","|Intentionally_create|","|skapa|","|","|","|skapa..vb.1|","neutral","9","ET","VB.PRS.AKT","VB","12","|Mood=Ind|Tense=Pres|VerbForm=Fin|Voice=Act|","|skapa..1:-1.000|"
"***","förutsättningar","|antagande|betingelse|bevis|förbehåll|förhand|förhoppning|förmåga|grund|logik|omständighet|tankeämne|","|","|förutsättning|","|förut..ab.1+sättning..nn.1:4.029e-12|för..nn.1+ut..ab.1+sättning..nn.1:3.134e-21|föra..vb.1+ut..ab.1+sättning..nn.1:4.884e-22|","|förut+sättningar|för+ut+sättningar|","|förutsättning..nn.1|","neutral","12","OO","NN.UTR.PLU.IND.NOM","NN","13","|Case=Nom|Definite=Ind|Gender=Com|Number=Plur|","|förutsättning..1:-1.000|"
"***","för","|","|","|för|","|","|","|för..pp.1|","null","12","OA","PP","PP","14","|","|för..1:-1.000|för..5:-1.000|för..6:-1.000|för..7:-1.000|för..9:-1.000|"
"","bred","|betydenhet|stil|storhet|utsträckning|vidd|","|Dimension|","|bred|","|","|","|bred..av.1|","neutral","16","CJ","JJ.POS.UTR.SIN.IND.NOM","JJ","15","|Case=Nom|Definite=Ind|Degree=Pos|Gender=Com|Number=Sing|","|bred..1:0.955|bred..2:0.045|"
"","och","|","|","|och|","|","|","|och..kn.1|","null","18","AT","KN","KN","16","|","|och..1:-1.000|"
"","konstruktiv","|metod|","|","|konstruktiv|","|","|","|konstruktiv..av.1|","null","16","CJ","JJ.POS.UTR.SIN.IND.NOM","JJ","17","|Case=Nom|Definite=Ind|Degree=Pos|Gender=Com|Number=Sing|","|konstruktiv..1:-1.000|"
"","samhällsdebatt","|","|Discussion|","|samhällsdebatt|","|samhälle..nn.1+debatt..nn.1:1.316e-18|sam..sxc.1+häll..nn.1+debatt..nn.1:2.603e-28|sam..sxc.1+hälla..nn.1+debatt..nn.1:2.603e-28|","|samhälls+debatt|sam+hälls+debatt|","|samhällsdebatt..nn.1|","null","14","PA","NN.UTR.SIN.IND.NOM","NN","18","|Case=Nom|Definite=Ind|Gender=Com|Number=Sing|","|samhällsdebatt..1:-1.000|"
"","och","|","|","|och|","|","|","|och..kn.1|","null","2","ES","KN","KN","19","|","|och..1:-1.000|"
"","en","|","|","|en|","|","|","|en..al.1|","null","21","DT","DT.UTR.SIN.IND","DT","20","|Definite=Ind|Gender=Com|Number=Sing|","|den..1:-1.000|en..2:-1.000|"
"","mångfald","|mängd|månggestaltning|olikhet|åtskillnad|","|Diversity|","|mångfald|","|","|","|mångfald..nn.1|","null","19","CJ","NN.UTR.SIN.IND.NOM","NN","21","|Case=Nom|Definite=Ind|Gender=Com|Number=Sing|","|mångfald..1:-1.000|"
"","av","|","|","|av|","|","|","|av..pp.1|","null","21","ET","PP","PP","22","|","|av..1:-1.000|"
"","lösningar","|bevisföring|fluidum|slut|smältning|svar|tankeämne|upptäckt|uttydning|övergång|","|Resolve_problem|","|lösning|","|","|","|lösning..nn.1|","positive","24","CJ","NN.UTR.PLU.IND.NOM","NN","23","|Case=Nom|Definite=Ind|Gender=Com|Number=Plur|","|lösning..2:0.996|lösning..1:0.004|"
"","och","|","|","|och|","|","|","|och..kn.1|","null","22","PA","KN","KN","24","|","|och..1:-1.000|"
"","samarbetsformer","|","|","|samarbetsform|","|samarbete..nn.1+form..nn.2:5.927e-13|sam..sxc.1+arbetsform..nn.1:6.925e-20|sam..sxc.1+arbete..nn.1+form..nn.2:6.519e-26|","|samarbets+former|sam+arbetsformer|sam+arbets+former|","|samarbetsform..nn.1|","null","24","CJ","NN.UTR.PLU.IND.NOM","NN","25","|Case=Nom|Definite=Ind|Gender=Com|Number=Plur|","|samarbetsform..1:-1.000|"
"",".","|","|","|","|","|","|","null","2","IP","MAD","MAD","26","|","|"
"# Svenska partiprogram och valmanifest; text attributes: text_source: """", text_party: ""m"", text_blingbring: ""|fortgång:9.103|betalning:7.93|filantropi:7.856|"", text__id: ""9757"", text_lix: ""51.87"", text_nk: ""1.71"", text_ovix: ""69.72"", text_year: ""1993"", text_type: ""Handlingsprogram"", text_type_id: ""h"", text_title: ""Moderaternas handlingsprogram 1993"", text_swefn: ""|Being_obligatory:60.881|Use_as_a_starting_point:39.874|People_by_jurisdiction:39.681|"", text_party_name: ""Moderaterna""","","","","","","","","","","","","","","",""
"","Ett","|","|","|en|","|","|","|en..al.1|","null","3","DT","DT.NEU.SIN.IND","DT","1","|Definite=Ind|Gender=Neut|Number=Sing|","|den..1:-1.000|en..2:-1.000|"
"","brett","|betydenhet|stil|storhet|utsträckning|vidd|","|Dimension|","|bred|","|","|","|bred..av.1|","neutral","3","AT","JJ.POS.NEU.SIN.IND.NOM","JJ","2","|Case=Nom|Definite=Ind|Degree=Pos|Gender=Neut|Number=Sing|","|bred..1:0.724|bred..2:0.276|"
"","utbud","|anbud|försäljning|","|","|utbud|","|ut..ab.1+bud..nn.1:1.077e-09|","|ut+bud|","|utbud..nn.1|","neutral","12","SS","NN.NEU.SIN.IND.NOM","NN","3","|Case=Nom|Definite=Ind|Gender=Neut|Number=Sing|","|utbud..1:-1.000|"
"","av","|","|","|av|","|","|","|av..pp.1|","null","3","ET","PP","PP","4","|","|av..1:-1.000|"
"","tidningar","|bok|meddelande|minnesmärke|offentliggörande|skildring|","|Text|","|tidning|","|","|","|tidning..nn.1|","neutral","10","CJ","NN.UTR.PLU.IND.NOM","NN","5","|Case=Nom|Definite=Ind|Gender=Com|Number=Plur|","|tidning..1:-1.000|"
"",",","|","|","|","|","|","|","null","10","IK","MID","MID","6","|","|"
"","tidskrifter","|bok|minnesmärke|offentliggörande|","|Text|","|tidskrift|","|tid..nn.1+skrift..nn.1:1.184e-09|","|tid+skrifter|","|tidskrift..nn.1|","neutral","10","CJ","NN.UTR.PLU.IND.NOM","NN","7","|Case=Nom|Definite=Ind|Gender=Com|Number=Plur|","|tidskrift..1:-1.000|"
"",",","|","|","|","|","|","|","null","10","IK","MID","MID","8","|","|"
"","radio","|meddelande|","|Artifact_tool|","|radio|","|","|","|radio..nn.1|","neutral","10","CJ","NN.UTR.SIN.IND.NOM","NN","9","|Case=Nom|Definite=Ind|Gender=Com|Number=Sing|","|radio..1:0.986|radio..2:0.014|"
"","och","|","|","|och|","|","|","|och..kn.1|","null","4","PA","KN","KN","10","|","|och..1:-1.000|"
"","television","|","|","|television|","|tele..sxc.1+vision..nn.1:4.120e-12|te..nn.1+le..vb.1+vision..nn.1:9.397e-20|te..nn.1+le..av.1+vision..nn.1:8.839e-27|","|tele+vision|te+le+vision|","|television..nn.1|","neutral","10","CJ","NN.UTR.SIN.IND.NOM","NN","11","|Case=Nom|Definite=Ind|Gender=Com|Number=Sing|","|TV..1:-1.000|"
"***","skapar","|alstring|form|förmåga|grund|gudom|skicklighet|tillvaro|verklighet|","|Intentionally_create|","|skapa|","|","|","|skapa..vb.1|","neutral","null","ROOT","VB.PRS.AKT","VB","12","|Mood=Ind|Tense=Pres|VerbForm=Fin|Voice=Act|","|skapa..1:-1.000|"
"***","förutsättningar","|antagande|betingelse|bevis|förbehåll|förhand|förhoppning|förmåga|grund|logik|omständighet|tankeämne|","|","|förutsättning|","|förut..ab.1+sättning..nn.1:4.029e-12|för..nn.1+ut..ab.1+sättning..nn.1:3.134e-21|föra..vb.1+ut..ab.1+sättning..nn.1:4.884e-22|","|förut+sättningar|för+ut+sättningar|","|förutsättning..nn.1|","neutral","12","OO","NN.UTR.PLU.IND.NOM","NN","13","|Case=Nom|Definite=Ind|Gender=Com|Number=Plur|","|förutsättning..1:-1.000|"
"***","för","|","|","|för|","|","|","|för..pp.1|","null","12","OA","PP","PP","14","|","|för..1:-1.000|för..5:-1.000|för..6:-1.000|för..7:-1.000|för..9:-1.000|"
"","en","|","|","|en|","|","|","|en..al.1|","null","18","DT","DT.UTR.SIN.IND","DT","15","|Definite=Ind|Gender=Com|Number=Sing|","|den..1:-1.000|en..2:-1.000|"
"","levande","|","|","|leva|levande|","|le..vb.1+vänja..vb.1:5.393e-15|le..av.1+vänja..vb.1:7.176e-22|","|le+vande|","|leva..vb.1|levande..av.1|","neutral","18","AT","PC.PRS.UTR+NEU.SIN+PLU.IND+DEF.NOM","PC","16","|Case=Nom|Definite=Def,Ind|Gender=Com,Neut|Number=Plur,Sing|Tense=Pres|VerbForm=Part|","|levande..1:0.785|leva..1:0.215|"
"","samhälls-","|förbindelse|förening|människa|","|","|samhälle|","|","|","|samhälle..nn.1|","neutral","18","CJ","NN.UTR.-.-.SMS","NN","17","|Compound=Yes|Gender=Com|","|samhälle..1:0.989|samhälle..2:0.011|"
"","och","|","|","|och|","|","|","|och..kn.1|","null","14","PA","KN","KN","18","|","|och..1:-1.000|"
"","kulturdebatt","|","|Discussion|","|kulturdebatt|","|kultur..nn.1+debatt..nn.1:5.816e-10|kul..av.1+tur..nn.1+debatt..nn.1:1.371e-14|kul..av.1+tur..nn.2+debatt..nn.1:1.371e-14|kula..nn.1+tur..nn.1+debatt..nn.1:1.533e-23|kula..nn.1+tur..nn.2+debatt..nn.1:1.533e-23|","|kultur+debatt|kul+tur+debatt|","|kulturdebatt..nn.1|","null","18","CJ","NN.UTR.SIN.IND.NOM","NN","19","|Case=Nom|Definite=Ind|Gender=Com|Number=Sing|","|kulturdebatt..1:-1.000|"
"",".","|","|","|","|","|","|","null","12","IP","MAD","MAD","20","|","|"
"# Svenska partiprogram och valmanifest; text attributes: text_source: """", text_party: ""m"", text_blingbring: ""|fortgång:9.103|betalning:7.93|filantropi:7.856|"", text__id: ""9757"", text_lix: ""51.87"", text_nk: ""1.71"", text_ovix: ""69.72"", text_year: ""1993"", text_type: ""Handlingsprogram"", text_type_id: ""h"", text_title: ""Moderaternas handlingsprogram 1993"", text_swefn: ""|Being_obligatory:60.881|Use_as_a_starting_point:39.874|People_by_jurisdiction:39.681|"", text_party_name: ""Moderaterna""","","","","","","","","","","","","","","",""
"","Det","|","|","|den|","|","|","|den..pn.1|","null","2","SS","PN.NEU.SIN.DEF.SUB+OBJ","PN","1","|Case=Acc,Nom|Definite=Def|Gender=Neut|Number=Sing|","|den..2:-1.000|"
"***","skapar","|alstring|form|förmåga|grund|gudom|skicklighet|tillvaro|verklighet|","|Intentionally_create|","|skapa|","|","|","|skapa..vb.1|","neutral","null","ROOT","VB.PRS.AKT","VB","2","|Mood=Ind|Tense=Pres|VerbForm=Fin|Voice=Act|","|skapa..1:-1.000|"
"***","förutsättningar","|antagande|betingelse|bevis|förbehåll|förhand|förhoppning|förmåga|grund|logik|omständighet|tankeämne|","|","|förutsättning|","|förut..ab.1+sättning..nn.1:4.029e-12|för..nn.1+ut..ab.1+sättning..nn.1:3.134e-21|föra..vb.1+ut..ab.1+sättning..nn.1:4.884e-22|","|förut+sättningar|för+ut+sättningar|","|förutsättning..nn.1|","neutral","2","OO","NN.UTR.PLU.IND.NOM","NN","3","|Case=Nom|Definite=Ind|Gender=Com|Number=Plur|","|förutsättning..1:-1.000|"
"***","för","|","|","|för|","|","|","|för..pp.1|","null","3","ET","PP","PP","4","|","|för..1:-1.000|för..5:-1.000|för..6:-1.000|för..7:-1.000|för..9:-1.000|"
"","beslutsfattande","|","|","|beslutsfattande|","|beslut..nn.1+fattande..nn.1:1.006e-14|beslut..nn.1+fatt..av.1+ande..nn.1:4.988e-21|","|besluts+fattande|besluts+fatt+ande|","|beslutsfattande..nn.1|","null","6","CJ","NN.NEU.SIN.IND.NOM","NN","5","|Case=Nom|Definite=Ind|Gender=Neut|Number=Sing|","|beslutsfattande..2:-1.000|"
"","och","|","|","|och|","|","|","|och..kn.1|","null","4","PA","KN","KN","6","|","|och..1:-1.000|"
"","handling","|bevis|företag|företeelse|göromål|minnesmärke|teater|tryckning|","|Intentionally_act|","|handling|","|","|","|handling..nn.1|","neutral","6","CJ","NN.UTR.SIN.IND.NOM","NN","7","|Case=Nom|Definite=Ind|Gender=Com|Number=Sing|","|handling..1:0.936|handling..2:0.064|"
"","på","|","|","|på|","|","|","|på..pp.1|","null","6","ET","PP","PP","8","|","|på..1:-1.000|"
"","de","|","|","|en|","|","|","|en..al.1|","null","10","DT","DT.UTR+NEU.PLU.DEF","DT","9","|Definite=Def|Gender=Com,Neut|Number=Plur|","|den..1:-1.000|en..2:-1.000|"
"","områden","|avstånd|frihet|klass|läge|plats|region|utsträckning|","|Locale|","|område|","|om..ab.1+råd..nn.1:4.613e-11|om..ab.1+råd..nn.2:4.613e-11|om..nn.1+råd..nn.1:1.242e-19|om..nn.1+råd..nn.2:1.242e-19|","|om+råden|","|område..nn.1|","neutral","8","PA","NN.NEU.PLU.IND.NOM","NN","10","|Case=Nom|Definite=Ind|Gender=Neut|Number=Plur|","|område..1:0.604|område..2:0.396|"
"","som","|","|","|","|","|","|","null","12","SS","HP.-.-.-","HP","11","|","|"
"","är","|förtid|långvarighet|varaktighet|","|Existence|","|vara|","|","|","|vara..vb.1|","neutral","10","ET","VB.PRS.AKT","VB","12","|Mood=Ind|Tense=Pres|VerbForm=Fin|Voice=Act|","|vara..1:-1.000|"
"","alleuropeiska","|","|","|alleuropeisk|","|all..sxc.1+europeisk..av.1:2.442e-11|","|all+europeiska|","|alleuropeisk..av.1|","null","14","AT","JJ.POS.UTR+NEU.PLU.IND+DEF.NOM","JJ","13","|Case=Nom|Definite=Def,Ind|Degree=Pos|Gender=Com,Neut|Number=Plur|","|alleuropeisk..1:-1.000|"
"","utmaningar","|anklagelse|drivfjäder|hot|obehag|strid|tvedräkt|utmaning|","|Competition|","|utmaning|","|ut..ab.1+maning..nn.1:5.937e-12|","|ut+maningar|","|utmaning..nn.1|","neutral","12","SP","NN.UTR.PLU.IND.NOM","NN","14","|Case=Nom|Definite=Ind|Gender=Com|Number=Plur|","|utmaning..1:-1.000|"
"",":","|","|","|","|","|","|","null","14","IQ","MID","MID","15","|","|"
"","Central-","|","|Locale_by_use|","|central|","|","|","|central..nn.1|","neutral","27","CJ","NN.UTR.-.-.SMS","NN","16","|Compound=Yes|Gender=Com|","|central..2:-1.000|"
"","och","|","|","|och|","|","|","|och..kn.1|","null","27","CJ","KN","KN","17","|","|och..1:-1.000|"
"","Östeuropas","|","|","|Östeuropa|","|","|","|Östeuropa..pm.1|","null","20","AT","PM.GEN","PM","18","|Case=Gen|","|Östeuropa..1:-1.000|"
"","fredliga","|endräkt|fredsslut|frid|medelmåttighet|vänskap|","|","|fredlig|","|","|","|fredlig..av.1|","positive","20","AT","JJ.POS.UTR+NEU.SIN.DEF.NOM","JJ","19","|Case=Nom|Definite=Def|Degree=Pos|Gender=Com,Neut|Number=Sing|","|fredlig..1:-1.000|"
"","omvandling","|","|Cause_change|","|omvandling|","|","|","|omvandling..nn.1|","null","21","CJ","NN.UTR.SIN.IND.NOM","NN","20","|Case=Nom|Definite=Ind|Gender=Com|Number=Sing|","|omvandling..1:-1.000|"
"","och","|","|","|och|","|","|","|och..kn.1|","null","27","CJ","KN","KN","21","|","|och..1:-1.000|"
"","integration","|","|","|integration|","|in..ab.1+teg..nn.1+ration..nn.1:3.968e-25|","|in+teg+ration|","|integration..nn.1|","null","21","CJ","NN.UTR.SIN.IND.NOM","NN","22","|Case=Nom|Definite=Ind|Gender=Com|Number=Sing|","|integration..1:-1.000|"
"","med","|","|","|med|","|","|","|med..pp.1|","null","22","ET","PP","PP","23","|","|med..1:-1.000|med..2:-1.000|"
"","det","|","|","|den|en|","|","|","|den..pn.1|en..al.1|","null","26","DT","DT.NEU.SIN.DEF","DT","24","|Definite=Def|Gender=Neut|Number=Sing|","|den..1:-1.000|den..2:-1.000|en..2:-1.000|"
"","övriga","|återstod|","|","|övrig|","|","|","|övrig..pn.1|","null","26","DT","JJ.POS.UTR+NEU.SIN.DEF.NOM","JJ","25","|Case=Nom|Definite=Def|Degree=Pos|Gender=Com,Neut|Number=Sing|","|övrig..1:-1.000|"
"","Europa","|","|","|Europa|","|","|","|Europa..pm.1|Europa..pm.2|","null","27","CJ","PM.NOM","PM","26","|Case=Nom|","|Europa..1:-1.000|Europa..2:-1.000|"
"",",","|","|","|","|","|","|","null","14","AN","MID","MID","27","|","|"
"","vården","|beteckning|försvar|hjälp|kvarhållande|ledning|omsorg|skydd|skyddsmedel|","|Medical_interaction_scenario|","|vård|","|","|","|vård..nn.1|vård..nn.2|vård..nn.3|","neutral","27","CJ","NN.UTR.SIN.DEF.NOM","NN","28","|Case=Nom|Definite=Def|Gender=Com|Number=Sing|","|vård..2:0.471|vård..1:0.183|våd..1:0.125|vård..4:0.120|vård..3:0.098|våd..2:0.004|"
"","av","|","|","|av|","|","|","|av..pp.1|","null","28","ET","PP","PP","29","|","|av..1:-1.000|"
"","den","|","|","|den|en|","|","|","|den..pn.1|en..al.1|","null","35","DT","DT.UTR.SIN.DEF","DT","30","|Definite=Def|Gender=Com|Number=Sing|","|den..1:-1.000|den..2:-1.000|en..2:-1.000|"
"","öppna","|avbrott|begriplighet|betydelse|framsida|frihet|lättrogenhet|menlöshet|omängdhet|oskuld|redlighet|riktighet|sannfärdighet|utsida|utvidgning|ögonskenlighet|öppning|","|Openness|","|öppen|","|","|","|öppen..av.1|","neutral","32","AT","JJ.POS.UTR+NEU.SIN.DEF.NOM","JJ","31","|Case=Nom|Definite=Def|Degree=Pos|Gender=Com,Neut|Number=Sing|","|öppen..1:0.821|öppen..5:0.078|öppen..4:0.055|öppen..3:0.036|öppen..2:0.009|"
"","ekonomin","|egendom|förfarande|ordning|sparsamhet|","|Economy|","|ekonomi|","|ekonom..nn.1+i..nn.1:8.101e-20|","|ekonom+in|","|ekonomi..nn.1|","neutral","35","CJ","NN.UTR.SIN.DEF.NOM","NN","32","|Case=Nom|Definite=Def|Gender=Com|Number=Sing|","|ekonomi..1:0.914|ekonomi..2:0.086|"
"",",","|","|","|","|","|","|","null","35","IK","MID","MID","33","|","|"
"","miljö-","|närhet|omgivning|","|","|miljö|","|","|","|miljö..nn.1|","neutral","35","CJ","NN.UTR.-.-.SMS","NN","34","|Compound=Yes|Gender=Com|","|miljö..1:-1.000|"
"","och","|","|","|och|","|","|","|och..kn.1|","null","29","PA","KN","KN","35","|","|och..1:-1.000|"
"","migrationspolitiken","|","|","|migrationspolitik|","|migration..nn.1+politik..nn.1:1.184e-12|","|migrations+politiken|","|","null","35","CJ","NN.UTR.SIN.DEF.NOM","NN","36","|Case=Nom|Definite=Def|Gender=Com|Number=Sing|","|"
"",".","|","|","|","|","|","|","null","2","IP","MAD","MAD","37","|","|"
"# Svenska partiprogram och valmanifest; text attributes: text_source: """", text_party: ""m"", text_blingbring: ""|fortgång:9.103|betalning:7.93|filantropi:7.856|"", text__id: ""9757"", text_lix: ""51.87"", text_nk: ""1.71"", text_ovix: ""69.72"", text_year: ""1993"", text_type: ""Handlingsprogram"", text_type_id: ""h"", text_title: ""Moderaternas handlingsprogram 1993"", text_swefn: ""|Being_obligatory:60.881|Use_as_a_starting_point:39.874|People_by_jurisdiction:39.681|"", text_party_name: ""Moderaterna""","","","","","","","","","","","","","","",""
"","Ekonomisk","|anskaffning|förfarande|ledning|skicklighet|sparsamhet|","|Economy|","|ekonomisk|","|","|","|ekonomisk..av.1|ekonomisk..av.2|","neutral","2","AT","JJ.POS.UTR.SIN.IND.NOM","JJ","1","|Case=Nom|Definite=Ind|Degree=Pos|Gender=Com|Number=Sing|","|ekonomisk..1:0.994|ekonomisk..3:0.005|ekonomisk..2:0.001|"
"","frihet","|avvikelse|frihet|lättvindighet|löshet|räddning|söndring|vilja|","|","|frihet|","|","|","|frihet..nn.1|","positive","3","SS","NN.UTR.SIN.IND.NOM","NN","2","|Case=Nom|Definite=Ind|Gender=Com|Number=Sing|","|frihet..1:-1.000|"
"***","skapar","|alstring|form|förmåga|grund|gudom|skicklighet|tillvaro|verklighet|","|Intentionally_create|","|skapa|","|","|","|skapa..vb.1|","neutral","null","ROOT","VB.PRS.AKT","VB","3","|Mood=Ind|Tense=Pres|VerbForm=Fin|Voice=Act|","|skapa..1:-1.000|"
"***","förutsättningar","|antagande|betingelse|bevis|förbehåll|förhand|förhoppning|förmåga|grund|logik|omständighet|tankeämne|","|","|förutsättning|","|förut..ab.1+sättning..nn.1:4.029e-12|för..nn.1+ut..ab.1+sättning..nn.1:3.134e-21|föra..vb.1+ut..ab.1+sättning..nn.1:4.884e-22|","|förut+sättningar|för+ut+sättningar|","|förutsättning..nn.1|","neutral","3","OO","NN.UTR.PLU.IND.NOM","NN","4","|Case=Nom|Definite=Ind|Gender=Com|Number=Plur|","|förutsättning..1:-1.000|"
"***","för","|","|","|för|","|","|","|för..pp.1|","null","4","ET","PP","PP","5","|","|för..1:-1.000|för..5:-1.000|för..6:-1.000|för..7:-1.000|för..9:-1.000|"
"","individuell","|beteckning|ental|människa|särskildhet|verklighet|","|","|individuell|","|","|","|individuell..av.1|","neutral","7","AT","JJ.POS.UTR.SIN.IND.NOM","JJ","6","|Case=Nom|Definite=Ind|Degree=Pos|Gender=Com|Number=Sing|","|individuell..1:-1.000|"
"","frigörelse","|befrielse|frikallelse|lättvindighet|löshet|räddning|","|","|frigörelse|","|","|","|frigörelse..nn.1|","null","8","CJ","NN.UTR.SIN.IND.NOM","NN","7","|Case=Nom|Definite=Ind|Gender=Com|Number=Sing|","|frigörelse..1:-1.000|"
"","och","|","|","|och|","|","|","|och..kn.1|","null","5","PA","KN","KN","8","|","|och..1:-1.000|"
"","social","|gemensamhet|människa|","|","|social|","|","|","|social..av.1|","neutral","10","AT","JJ.POS.UTR.SIN.IND.NOM","JJ","9","|Case=Nom|Definite=Ind|Degree=Pos|Gender=Com|Number=Sing|","|social..1:0.986|social..2:0.014|"
"","rörlighet","|rörelse|snabbhet|verksamhetsbegär|","|","|rörlighet|","|","|","|rörlighet..nn.1|","null","8","CJ","NN.UTR.SIN.IND.NOM","NN","10","|Case=Nom|Definite=Ind|Gender=Com|Number=Sing|","|rörlighet..1:0.998|rörlighet..2:0.002|"
"",".","|","|","|","|","|","|","null","3","IP","MAD","MAD","11","|","|"
"# Svenska partiprogram och valmanifest; text attributes: text_source: """", text_party: ""m"", text_blingbring: ""|fortgång:9.103|betalning:7.93|filantropi:7.856|"", text__id: ""9757"", text_lix: ""51.87"", text_nk: ""1.71"", text_ovix: ""69.72"", text_year: ""1993"", text_type: ""Handlingsprogram"", text_type_id: ""h"", text_title: ""Moderaternas handlingsprogram 1993"", text_swefn: ""|Being_obligatory:60.881|Use_as_a_starting_point:39.874|People_by_jurisdiction:39.681|"", text_party_name: ""Moderaterna""","","","","","","","","","","","","","","",""
"","Privatiseringar","|","|","|privatisering|","|","|","|privatisering..nn.1|","null","2","SS","NN.UTR.PLU.IND.NOM","NN","1","|Case=Nom|Definite=Ind|Gender=Com|Number=Plur|","|privatisering..1:-1.000|"
"***","skapar","|alstring|form|förmåga|grund|gudom|skicklighet|tillvaro|verklighet|","|Intentionally_create|","|skapa|","|","|","|skapa..vb.1|","neutral","null","ROOT","VB.PRS.AKT","VB","2","|Mood=Ind|Tense=Pres|VerbForm=Fin|Voice=Act|","|skapa..1:-1.000|"
"***","förutsättningar","|antagande|betingelse|bevis|förbehåll|förhand|förhoppning|förmåga|grund|logik|omständighet|tankeämne|","|","|förutsättning|","|förut..ab.1+sättning..nn.1:4.029e-12|för..nn.1+ut..ab.1+sättning..nn.1:3.134e-21|föra..vb.1+ut..ab.1+sättning..nn.1:4.884e-22|","|förut+sättningar|för+ut+sättningar|","|förutsättning..nn.1|","neutral","2","OO","NN.UTR.PLU.IND.NOM","NN","3","|Case=Nom|Definite=Ind|Gender=Com|Number=Plur|","|förutsättning..1:-1.000|"
"***","för","|","|","|för|","|","|","|för..pp.1|","null","9","CJ","PP","PP","4","|","|för..1:-1.000|för..5:-1.000|för..6:-1.000|för..7:-1.000|för..9:-1.000|"
"","en","|","|","|en|","|","|","|en..al.1|","null","8","DT","DT.UTR.SIN.IND","DT","5","|Definite=Ind|Gender=Com|Number=Sing|","|den..1:-1.000|en..2:-1.000|"
"","sundare","|fullkomlighet|förvaring|gott|hälsa|hälsosamhet|oskuld|skydd|vett|","|Health_status|","|sund|","|","|","|sund..av.1|","null","8","AT","JJ.KOM.UTR+NEU.SIN+PLU.IND+DEF.NOM","JJ","6","|Case=Nom|Definite=Def,Ind|Degree=Cmp|Gender=Com,Neut|Number=Plur,Sing|","|sund..1:-1.000|"
"","offentlig","|offentliggörande|tillstädesvaro|ögonskenlighet|","|","|offentlig|","|","|","|offentlig..av.1|","neutral","8","AT","JJ.POS.UTR.SIN.IND.NOM","JJ","7","|Case=Nom|Definite=Ind|Degree=Pos|Gender=Com|Number=Sing|","|offentlig..1:-1.000|"
"","ekonomi","|egendom|förfarande|ordning|sparsamhet|","|Economy|","|ekonomi|","|","|","|ekonomi..nn.1|","neutral","4","PA","NN.UTR.SIN.IND.NOM","NN","8","|Case=Nom|Definite=Ind|Gender=Com|Number=Sing|","|ekonomi..1:0.996|ekonomi..2:0.004|"
"","och","|","|","|och|","|","|","|och..kn.1|","null","2","OA","KN","KN","9","|","|och..1:-1.000|"
"","för","|","|","|för|","|","|","|för..pp.1|","null","9","CJ","PP","PP","10","|","|för..1:-1.000|för..5:-1.000|för..6:-1.000|för..7:-1.000|för..9:-1.000|"
"","högre","|betydenhet|färg|höjning|lyftning|topp|utsträckning|överlägsenhet|","|Measurable_attributes|","|hög|","|","|","|hög..av.1|","neutral","12","AT","JJ.KOM.UTR+NEU.SIN+PLU.IND+DEF.NOM","JJ","11","|Case=Nom|Definite=Def,Ind|Degree=Cmp|Gender=Com,Neut|Number=Plur,Sing|","|hög..1:0.971|hög..3:0.029|hög..4:0.000|hög..5:0.000|"
"","lönsamhet","|","|","|lönsamhet|","|","|","|lönsamhet..nn.1|","null","10","PA","NN.UTR.SIN.IND.NOM","NN","12","|Case=Nom|Definite=Ind|Gender=Com|Number=Sing|","|lönsamhet..1:-1.000|"
"","i","|","|","|i|","|","|","|i..pp.1|","null","12","ET","PP","PP","13","|","|i..2:-1.000|"
"","de","|","|","|en|","|","|","|en..al.1|","null","16","DT","DT.UTR+NEU.PLU.DEF","DT","14","|Definite=Def|Gender=Com,Neut|Number=Plur|","|den..1:-1.000|en..2:-1.000|"
"","enskilda","|ental|insida|särskildhet|","|","|enskild|","|en..nn.1+skild..av.1:1.599e-12|en..nl.1+skild..av.1:1.280e-12|","|en+skilda|","|enskild..av.1|","neutral","16","AT","JJ.POS.UTR+NEU.PLU.IND+DEF.NOM","JJ","15","|Case=Nom|Definite=Def,Ind|Degree=Pos|Gender=Com,Neut|Number=Plur|","|enskild..1:-1.000|"
"","verksamheterna","|ansträngning|arbete|företag|förmåga|göromål|inflytande|kraftyttring|nytta|raskhet|verksamhet|viktighet|","|","|verksamhet|","|","|","|verksamhet..nn.1|","neutral","13","PA","NN.UTR.PLU.DEF.NOM","NN","16","|Case=Nom|Definite=Def|Gender=Com|Number=Plur|","|verksamhet..1:-1.000|"
"",".","|","|","|","|","|","|","null","2","IP","MAD","MAD","17","|","|"
"# Svenska partiprogram och valmanifest; text attributes: text_source: """", text_party: ""m"", text_blingbring: ""|fortgång:9.103|betalning:7.93|filantropi:7.856|"", text__id: ""9757"", text_lix: ""51.87"", text_nk: ""1.71"", text_ovix: ""69.72"", text_year: ""1993"", text_type: ""Handlingsprogram"", text_type_id: ""h"", text_title: ""Moderaternas handlingsprogram 1993"", text_swefn: ""|Being_obligatory:60.881|Use_as_a_starting_point:39.874|People_by_jurisdiction:39.681|"", text_party_name: ""Moderaterna""","","","","","","","","","","","","","","",""
"","Detta","|","|","|denna|","|","|","|denna..pn.1|","null","2","SS","PN.NEU.SIN.DEF.SUB+OBJ","PN","1","|Case=Acc,Nom|Definite=Def|Gender=Neut|Number=Sing|","|denna..1:-1.000|"
"***","skapar","|alstring|form|förmåga|grund|gudom|skicklighet|tillvaro|verklighet|","|Intentionally_create|","|skapa|","|","|","|skapa..vb.1|","neutral","null","ROOT","VB.PRS.AKT","VB","2","|Mood=Ind|Tense=Pres|VerbForm=Fin|Voice=Act|","|skapa..1:-1.000|"
"***","förutsättningar","|antagande|betingelse|bevis|förbehåll|förhand|förhoppning|förmåga|grund|logik|omständighet|tankeämne|","|","|förutsättning|","|förut..ab.1+sättning..nn.1:4.029e-12|för..nn.1+ut..ab.1+sättning..nn.1:3.134e-21|föra..vb.1+ut..ab.1+sättning..nn.1:4.884e-22|","|förut+sättningar|för+ut+sättningar|","|förutsättning..nn.1|","neutral","2","OO","NN.UTR.PLU.IND.NOM","NN","3","|Case=Nom|Definite=Ind|Gender=Com|Number=Plur|","|förutsättning..1:-1.000|"
"***","för","|","|","|för|","|","|","|för..pp.1|","null","3","ET","PP","PP","4","|","|för..1:-1.000|för..5:-1.000|för..6:-1.000|för..7:-1.000|för..9:-1.000|"
"","ett","|","|","|en|","|","|","|en..al.1|","null","6","DT","DT.NEU.SIN.IND","DT","5","|Definite=Ind|Gender=Neut|Number=Sing|","|den..1:-1.000|en..2:-1.000|"
"","marknads-","|bytande|försäljning|handel|helhet|","|","|marknad|","|","|","|marknad..nn.1|","neutral","7","CJ","NN.UTR.-.-.SMS","NN","6","|Compound=Yes|Gender=Com|","|marknad..2:0.634|marknad..1:0.366|"
"","och","|","|","|och|","|","|","|och..kn.1|","null","4","PA","KN","KN","7","|","|och..1:-1.000|"
"","patien-","|","|","|","|","|","|","null","7","CJ","NN.UTR.-.-.SMS","NN","8","|Compound=Yes|Gender=Com|","|"
"","torienterat","|","|","|","|","|","|","null","10","AT","PC.PRF.NEU.SIN.IND.NOM","PC","9","|Case=Nom|Definite=Ind|Gender=Neut|Number=Sing|Tense=Past|VerbForm=Part|","|"
"","system","|form|helhet|metod|ordning|planmässighet|reglering|struktur|tankeämne|tillstånd|","|System|","|system|","|","|","|system..nn.1|","neutral","4","PA","NN.NEU.SIN.IND.NOM","NN","10","|Case=Nom|Definite=Ind|Gender=Neut|Number=Sing|","|system..1:0.920|system..2:0.080|"
"",".","|","|","|","|","|","|","null","2","IP","MAD","MAD","11","|","|"
"# Svenska partiprogram och valmanifest; text attributes: text_source: """", text_party: ""m"", text_blingbring: ""|fortgång:9.103|betalning:7.93|filantropi:7.856|"", text__id: ""9757"", text_lix: ""51.87"", text_nk: ""1.71"", text_ovix: ""69.72"", text_year: ""1993"", text_type: ""Handlingsprogram"", text_type_id: ""h"", text_title: ""Moderaternas handlingsprogram 1993"", text_swefn: ""|Being_obligatory:60.881|Use_as_a_starting_point:39.874|People_by_jurisdiction:39.681|"", text_party_name: ""Moderaterna""","","","","","","","","","","","","","","",""
"","Ett","|","|","|en|","|","|","|en..al.1|","null","3","DT","DT.NEU.SIN.IND","DT","1","|Definite=Ind|Gender=Neut|Number=Sing|","|den..1:-1.000|en..2:-1.000|"
"","rikt","|egendom|fruktbarhet|förvärv|inrymning|rikedom|tillräcklighet|","|Wealthiness|","|rik|","|","|","|rik..av.1|","positive","3","AT","JJ.POS.NEU.SIN.IND.NOM","JJ","2","|Case=Nom|Definite=Ind|Degree=Pos|Gender=Neut|Number=Sing|","|rik..1:0.823|rik..2:0.177|"
"","kulturliv","|hövlighet|modesak|människa|","|","|kulturliv|","|kultur..nn.1+liv..nn.1:4.455e-09|kul..av.1+tur..nn.1+liv..nn.1:1.051e-13|kul..av.1+tur..nn.2+liv..nn.1:1.051e-13|kula..nn.1+tur..nn.1+liv..nn.1:1.174e-22|kula..nn.1+tur..nn.2+liv..nn.1:1.174e-22|","|kultur+liv|kul+tur+liv|","|kulturliv..nn.1|","null","4","SS","NN.NEU.SIN.IND.NOM","NN","3","|Case=Nom|Definite=Ind|Gender=Neut|Number=Sing|","|kulturliv..1:-1.000|"
"","befordrar","|anseende|bemyndigande|förbättring|gott|hjälp|läglighet|lättvindighet|lön|medverkan|nytta|samverkan|tilltagande|verksamhetsbegär|överföring|","|Import_export_scenario|","|befordra|","|","|","|befordra..vb.1|","null","9","MS","VB.PRS.AKT","VB","4","|Mood=Ind|Tense=Pres|VerbForm=Fin|Voice=Act|","|befordra..1:0.963|befordra..2:0.037|"
"","mångfasetterade","|","|","|mångfasetterad|","|mång..sxc.1+fasetterad..av.1:8.776e-17|mång..sxc.1+fasettera..vb.1:1.926e-17|","|mång+fasetterade|","|mångfasetterad..av.1|","null","6","CJ","PC.PRF.UTR+NEU.PLU.IND+DEF.NOM","PC","5","|Case=Nom|Definite=Def,Ind|Gender=Com,Neut|Number=Plur|Tense=Past|VerbForm=Part|","|mångfasetterad..1:-1.000|"
"",",","|","|","|","|","|","|","null","8","AT","MID","MID","6","|","|"
"","reflekterande","|","|","|reflektera|","|","|","|reflektera..vb.1|","null","6","CJ","PC.PRS.UTR+NEU.SIN+PLU.IND+DEF.NOM","PC","7","|Case=Nom|Definite=Def,Ind|Gender=Com,Neut|Number=Plur,Sing|Tense=Pres|VerbForm=Part|","|reflektera..1:0.630|reflektera..2:0.370|"
"","personligheter","|förtal|helhet|inre_väsen|människa|okroppslighet|sinnesart|särskildhet|ursprunglighet|","|","|personlighet|","|","|","|personlighet..nn.1|","null","4","OO","NN.UTR.PLU.IND.NOM","NN","8","|Case=Nom|Definite=Ind|Gender=Com|Number=Plur|","|personlighet..1:-1.000|"
"","och","|","|","|och|","|","|","|och..kn.1|","null","null","ROOT","KN","KN","9","|","|och..1:-1.000|"
"***","skapar","|alstring|form|förmåga|grund|gudom|skicklighet|tillvaro|verklighet|","|Intentionally_create|","|skapa|","|","|","|skapa..vb.1|","neutral","9","+F","VB.PRS.AKT","VB","10","|Mood=Ind|Tense=Pres|VerbForm=Fin|Voice=Act|","|skapa..1:-1.000|"
"***","förutsättningar","|antagande|betingelse|bevis|förbehåll|förhand|förhoppning|förmåga|grund|logik|omständighet|tankeämne|","|","|förutsättning|","|förut..ab.1+sättning..nn.1:4.029e-12|för..nn.1+ut..ab.1+sättning..nn.1:3.134e-21|föra..vb.1+ut..ab.1+sättning..nn.1:4.884e-22|","|förut+sättningar|för+ut+sättningar|","|förutsättning..nn.1|","neutral","10","OO","NN.UTR.PLU.IND.NOM","NN","11","|Case=Nom|Definite=Ind|Gender=Com|Number=Plur|","|förutsättning..1:-1.000|"
"***","för","|","|","|för|","|","|","|för..pp.1|","null","10","OA","PP","PP","12","|","|för..1:-1.000|för..5:-1.000|för..6:-1.000|för..7:-1.000|för..9:-1.000|"
"","ett","|","|","|en|","|","|","|en..al.1|","null","15","DT","DT.NEU.SIN.IND","DT","13","|Definite=Ind|Gender=Neut|Number=Sing|","|den..1:-1.000|en..2:-1.000|"
"","rikare","|egendom|fruktbarhet|förvärv|inrymning|rikedom|tillräcklighet|","|Wealthiness|","|rik|","|","|","|rik..av.1|","positive","15","AT","JJ.KOM.UTR+NEU.SIN+PLU.IND+DEF.NOM","JJ","14","|Case=Nom|Definite=Def,Ind|Degree=Cmp|Gender=Com,Neut|Number=Plur,Sing|","|rik..1:0.853|rik..2:0.147|"
"","liv","|liv|organism|påklädsel|rörelse|tillvaro|uppvaknande|","|Dead_or_alive|","|liv|","|","|","|liv..nn.1|","neutral","12","PA","NN.NEU.SIN.IND.NOM","NN","15","|Case=Nom|Definite=Ind|Gender=Neut|Number=Sing|","|liv..1:0.944|liv..6:0.032|liv..2:0.023|liv..5:0.002|liv..4:0.000|liv..3:0.000|"
"",".","|","|","|","|","|","|","null","9","IP","MAD","MAD","16","|","|"
"# Svenska partiprogram och valmanifest; text attributes: text_source: ""Hämtat från partiets officiella hemsida."", text_party: ""m"", text_blingbring: ""|räddning:9.049|gåpåare:8.791|osjälviskhet:8.724|"", text__id: ""4690"", text_lix: ""48.52"", text_nk: ""1.42"", text_ovix: ""63.27"", text_year: ""2011"", text_type: ""Idéprogram"", text_type_id: ""i"", text_title: ""Ansvar för hela Sverige"", text_swefn: ""|Make_possible_to_do:97.903|Cure_mod:56.358|Function:50.609|"", text_party_name: ""Moderaterna""","","","","","","","","","","","","","","",""
"","Den","|","|","|den|en|","|","|","|den..pn.1|en..al.1|","null","3","DT","DT.UTR.SIN.DEF","DT","1","|Definite=Def|Gender=Com|Number=Sing|","|den..1:-1.000|den..2:-1.000|en..2:-1.000|"
"","gemensamma","|beledsagning|förbindelse|förening|gemensamhet|sammanslutning|samverkan|vidfogning|ömsesidighet|","|Commonality|","|gemensam|","|gem..nn.1+ensam..av.1:4.978e-13|gem..nn.2+ensam..av.1:4.978e-13|","|gem+ensamma|","|gemensam..av.1|","neutral","3","AT","JJ.POS.UTR+NEU.SIN.DEF.NOM","JJ","2","|Case=Nom|Definite=Def|Degree=Pos|Gender=Com,Neut|Number=Sing|","|gemensam..1:-1.000|"
"","finansieringen","|","|Commerce_pay|","|finansiering|","|","|","|finansiering..nn.1|","neutral","9","SS","NN.UTR.SIN.DEF.NOM","NN","3","|Case=Nom|Definite=Def|Gender=Com|Number=Sing|","|finansiering..1:-1.000|"
"","tillsammans","|beledsagning|förbindelse|förening|samling|sammanslutning|samtidighet|samverkan|vidfogning|","|Accompaniment|","|tillsammans|","|","|","|tillsammans..ab.1|","null","5","AA","AB","AB","4","|","|tillsammans..1:-1.000|"
"","med","|","|","|med|","|","|","|med..pp.1|","null","3","ET","PP","PP","5","|","|med..1:-1.000|med..2:-1.000|"
"","valfrihet","|frihet|val|vilja|","|","|valfrihet|","|val..nn.1+frihet..nn.1:1.338e-09|val..nn.2+frihet..nn.1:1.338e-09|","|val+frihet|","|valfrihet..nn.1|","null","7","CJ","NN.UTR.SIN.IND.NOM","NN","6","|Case=Nom|Definite=Ind|Gender=Com|Number=Sing|","|valfrihet..1:-1.000|"
"","och","|","|","|och|","|","|","|och..kn.1|","null","5","PA","KN","KN","7","|","|och..1:-1.000|"
"","mångfald","|mängd|månggestaltning|olikhet|åtskillnad|","|Diversity|","|mångfald|","|","|","|mångfald..nn.1|","null","7","CJ","NN.UTR.SIN.IND.NOM","NN","8","|Case=Nom|Definite=Ind|Gender=Com|Number=Sing|","|mångfald..1:-1.000|"
"***","skapar","|alstring|form|förmåga|grund|gudom|skicklighet|tillvaro|verklighet|","|Intentionally_create|","|skapa|","|","|","|skapa..vb.1|","neutral","null","ROOT","VB.PRS.AKT","VB","9","|Mood=Ind|Tense=Pres|VerbForm=Fin|Voice=Act|","|skapa..1:-1.000|"
"***","förutsättningar","|antagande|betingelse|bevis|förbehåll|förhand|förhoppning|förmåga|grund|logik|omständighet|tankeämne|","|","|förutsättning|","|förut..ab.1+sättning..nn.1:4.029e-12|för..nn.1+ut..ab.1+sättning..nn.1:3.134e-21|föra..vb.1+ut..ab.1+sättning..nn.1:4.884e-22|","|förut+sättningar|för+ut+sättningar|","|förutsättning..nn.1|","neutral","9","OO","NN.UTR.PLU.IND.NOM","NN","10","|Case=Nom|Definite=Ind|Gender=Com|Number=Plur|","|förutsättning..1:-1.000|"
"***","för","|","|","|för|","|","|","|för..pp.1|","null","10","ET","PP","PP","11","|","|för..1:-1.000|för..5:-1.000|för..6:-1.000|för..7:-1.000|för..9:-1.000|"
"","varje","|","|","|","|","|","|","null","13","DT","DT.UTR+NEU.SIN.IND","DT","12","|Definite=Ind|Gender=Com,Neut|Number=Sing|","|"
"","elev","|lärjunge|","|Education_teaching|","|elev|","|","|","|elev..nn.1|","neutral","11","PA","NN.UTR.SIN.IND.NOM","NN","13","|Case=Nom|Definite=Ind|Gender=Com|Number=Sing|","|elev..1:0.976|elev..2:0.024|"
"","att","|","|","|att|","|","|","|att..sn.1|","null","19","MS","IE","IE","14","|","|att..1:-1.000|"
"","komma","|ankomst|följd|långsamhet|slump|tidsförhållande|övergång|överlägsenhet|","|Excreting|","|komma|komma_till_sin_rätt|","|","|","|komma..vb.1|komma_till_sin_rätt..vbm.1|","positive","14","IF","VB.INF.AKT","VB","15","|VerbForm=Inf|Voice=Act|","|komma..3:0.547|komma..1:0.453|komma_till_sin_rätt..1:-1.000|"
"","till","|","|","|till|komma_till_sin_rätt:15|","|","|","|till..pp.1|komma_till_sin_rätt..vbm.1:15|","null","15","OA","PP","PP","16","|","|komma_till_sin_rätt..1:15:-1.000|till..1:-1.000|"
"","sin","|","|","|sig|komma_till_sin_rätt:15|","|","|","|sig..pn.1|komma_till_sin_rätt..vbm.1:15|","null","18","DT","PS.UTR.SIN.DEF","PS","17","|Definite=Def|Gender=Com|Number=Sing|","|komma_till_sin_rätt..1:15:-1.000|sig..1:-1.000|"
"","rätt","|domstol|frihet|förtäring|laglighet|riktighet|rätt|rådsförsamling|","|Law|","|rätt|komma_till_sin_rätt:15|","|","|","|rätt..nn.1|rätt..nn.2|rätt..nn.3|komma_till_sin_rätt..vbm.1:15|","positive","16","PA","NN.UTR.SIN.IND.NOM","NN","18","|Case=Nom|Definite=Ind|Gender=Com|Number=Sing|","|rätt..2:0.965|rätt..3:0.027|rätt..4:0.008|komma_till_sin_rätt..1:15:-1.000|"
"","och","|","|","|och|","|","|","|och..kn.1|","null","10","ET","KN","KN","19","|","|och..1:-1.000|"
"","utvecklas","|alstring|beredelse|fråga|fullständighet|reglering|skildring|tilltagande|uttydning|utvidgning|","|Cause_to_make_progress|","|utveckla|utvecklas|","|ut..ab.1+veckla..vb.1:3.136e-11|ut..ab.1+veck..nn.1+lägga..vb.1:1.590e-18|ut..ab.1+vecka..nn.1+lägga..vb.1:1.590e-18|ut..ab.1+vecka..vb.1+lägga..vb.1:1.068e-29|","|ut+vecklas|ut+veck+las|","|utveckla..vb.1|utvecklas..vb.1|","positive","19","+F","VB.INF.SFO","VB","20","|VerbForm=Inf|Voice=Pass|","|utveckla..1:0.581|utvecklas..1:0.419|"
"","i","|","|","|i|","|","|","|i..pp.1|","null","20","RA","PP","PP","21","|","|i..2:-1.000|"
"","sina","|","|","|sig|","|","|","|sig..pn.1|","null","23","DT","PS.UTR+NEU.PLU.DEF","PS","22","|Definite=Def|Gender=Com,Neut|Number=Plur|","|sig..1:-1.000|"
"","talanger","|arbete|benägenhet|förmåga|förnuft|förstånd|kunnighet|mästare|skicklighet|studium|","|","|talang|","|","|","|talang..nn.1|","null","21","PA","NN.UTR.PLU.IND.NOM","NN","23","|Case=Nom|Definite=Ind|Gender=Com|Number=Plur|","|talang..1:0.764|talang..2:0.236|"
"",".","|","|","|","|","|","|","null","9","IP","MAD","MAD","24","|","|"
"# Svenska partiprogram och valmanifest; text attributes: text_source: ""Hämtat från partiets officiella hemsida."", text_party: ""m"", text_blingbring: ""|olaglighet:11.995|försyndelse:10.949|orätt:9.665|"", text__id: ""b534"", text_lix: ""49.67"", text_nk: ""1.68"", text_ovix: ""66.11"", text_year: ""2013"", text_type: ""Framtidsförslag"", text_type_id: ""f"", text_title: ""Framtidsförslag för hela Sverige"", text_swefn: ""|Preventing:53.253|Make_possible_to_do:32.778|Cause_change_of_strength:24.867|"", text_party_name: ""Moderaterna""","","","","","","","","","","","","","","",""
"","Starka","|betydenhet|färg|förmåga|hälsa|hårdhet|kallblodighet|kraftyttring|ljudstyrka|seghet|smakstyrka|styrka|våldsamhet|","|Exertive_force|","|stark|","|","|","|stark..av.1|","positive","3","AT","JJ.POS.UTR+NEU.PLU.IND+DEF.NOM","JJ","1","|Case=Nom|Definite=Def,Ind|Degree=Pos|Gender=Com,Neut|Number=Plur|","|stark..1:0.982|stark..3:0.016|stark..2:0.001|stark..5:0.000|stark..4:0.000|"
"","offentliga","|offentliggörande|tillstädesvaro|ögonskenlighet|","|","|offentlig|","|","|","|offentlig..av.1|","neutral","3","AT","JJ.POS.UTR+NEU.PLU.IND+DEF.NOM","JJ","2","|Case=Nom|Definite=Def,Ind|Degree=Pos|Gender=Com,Neut|Number=Plur|","|offentlig..1:-1.000|"
"","finanser","|handel|penningväsen|räkenskap|","|","|finanser|","|","|","|finanser..nn.1|","null","4","SS","NN.UTR.PLU.IND.NOM","NN","3","|Case=Nom|Definite=Ind|Gender=Com|Number=Plur|","|finanser..1:-1.000|"
"","ger","|bortgivande|fullbordan|ogillande|tvedräkt|","|Giving|","|ge|","|","|","|ge..vb.1|","neutral","9","MS","VB.PRS.AKT","VB","4","|Mood=Ind|Tense=Pres|VerbForm=Fin|Voice=Act|","|ge..1:0.612|givas..1:0.388|"
"","också","|vidfogning|","|","|också|","|","|","|också..ab.1|","null","4","+A","AB","AB","5","|","|också..1:-1.000|"
"","motståndskraft","|gensträvighet|hårdhet|kraftmedel|kraftyttring|styrka|varaktighet|","|Capability|","|motståndskraft|","|motstånd..nn.1+kraft..nn.1:9.068e-13|mot..nn.1+stånd..nn.1+kraft..nn.1:2.640e-27|mota..vb.1+stånd..nn.1+kraft..nn.1:2.191e-28|","|motstånds+kraft|mot+stånds+kraft|","|motståndskraft..nn.1|","positive","4","OO","NN.UTR.SIN.IND.NOM","NN","6","|Case=Nom|Definite=Ind|Gender=Com|Number=Sing|","|motståndskraft..1:-1.000|"
"","mot","|","|","|mot|","|","|","|mot..pp.1|","null","4","OA","PP","PP","7","|","|mot..1:-1.000|mot..2:-1.000|"
"","kriser","|fara|förstöring|läglighet|omständighet|svårhet|tidsförhållande|tillbakagång|återgång|","|Catastrophe|","|kris|","|","|","|kris..nn.1|","negative","7","PA","NN.UTR.PLU.IND.NOM","NN","8","|Case=Nom|Definite=Ind|Gender=Com|Number=Plur|","|kris..1:-1.000|"
"","och","|","|","|och|","|","|","|och..kn.1|","null","null","ROOT","KN","KN","9","|","|och..1:-1.000|"
"***","skapar","|alstring|form|förmåga|grund|gudom|skicklighet|tillvaro|verklighet|","|Intentionally_create|","|skapa|","|","|","|skapa..vb.1|","neutral","9","+F","VB.PRS.AKT","VB","10","|Mood=Ind|Tense=Pres|VerbForm=Fin|Voice=Act|","|skapa..1:-1.000|"
"***","förutsättningar","|antagande|betingelse|bevis|förbehåll|förhand|förhoppning|förmåga|grund|logik|omständighet|tankeämne|","|","|förutsättning|","|förut..ab.1+sättning..nn.1:4.029e-12|för..nn.1+ut..ab.1+sättning..nn.1:3.134e-21|föra..vb.1+ut..ab.1+sättning..nn.1:4.884e-22|","|förut+sättningar|för+ut+sättningar|","|förutsättning..nn.1|","neutral","10","OO","NN.UTR.PLU.IND.NOM","NN","11","|Case=Nom|Definite=Ind|Gender=Com|Number=Plur|","|förutsättning..1:-1.000|"
"***","för","|","|","|för|","|","|","|för..pp.1|","null","10","AA","PP","PP","12","|","|för..1:-1.000|för..5:-1.000|för..6:-1.000|för..7:-1.000|för..9:-1.000|"
"","att","|","|","|att|","|","|","|att..sn.1|","null","12","PA","IE","IE","13","|","|att..1:-1.000|"
"","klara","|omängdhet|reglering|renlighet|upptäckt|","|Success_or_failure|","|klara|","|","|","|klara..vb.1|klara..vb.2|","positive","13","IF","VB.INF.AKT","VB","14","|VerbForm=Inf|Voice=Act|","|klara..1:0.968|klara..2:0.030|klara..3:0.002|"
"","kvaliteten","|betydelse|förmåga|grad|inre_väsen|klass|tillstånd|uppskattning|viktighet|","|","|kvalitet|","|","|","|kvalitet..nn.1|","positive","14","OO","NN.UTR.SIN.DEF.NOM","NN","15","|Case=Nom|Definite=Def|Gender=Com|Number=Sing|","|kvalitet..1:-1.000|"
"","i","|","|","|i|","|","|","|i..pp.1|","null","15","ET","PP","PP","16","|","|i..2:-1.000|"
"","välfärden","|fördel|lycka|","|","|välfärd|","|väl..ab.1+färd..nn.1:1.314e-10|väl..nn.1+färd..nn.1:4.320e-13|","|väl+färden|","|välfärd..nn.1|","positive","16","PA","NN.UTR.SIN.DEF.NOM","NN","17","|Case=Nom|Definite=Def|Gender=Com|Number=Sing|","|välfärd..1:-1.000|"
"","under","|","|","|under|","|","|","|under..pp.1|","null","14","TA","PP","PP","18","|","|under..1:-1.000|under..2:-1.000|"
"","sämre","|förtyngning|jämförelse|last|nackdel|oläglighet|ont|underlägsenhet|","|Suitability|","|dålig|","|","|","|dålig..av.1|","negative","21","AT","JJ.KOM.UTR+NEU.SIN+PLU.IND+DEF.NOM","JJ","19","|Case=Nom|Definite=Def,Ind|Degree=Cmp|Gender=Com,Neut|Number=Plur,Sing|","|dålig..1:0.974|dålig..2:0.026|"
"","ekonomiska","|anskaffning|förfarande|ledning|skicklighet|sparsamhet|","|Economy|","|ekonomisk|","|","|","|ekonomisk..av.1|ekonomisk..av.2|","neutral","21","AT","JJ.POS.UTR+NEU.PLU.IND+DEF.NOM","JJ","20","|Case=Nom|Definite=Def,Ind|Degree=Pos|Gender=Com,Neut|Number=Plur|","|ekonomisk..1:0.978|ekonomisk..2:0.014|ekonomisk..3:0.008|"
"","tider","|tid|","|Measure_duration|","|tid|","|","|","|tid..nn.1|","neutral","18","PA","NN.UTR.PLU.IND.NOM","NN","21","|Case=Nom|Definite=Ind|Gender=Com|Number=Plur|","|tid..1:-1.000|"
"",".","|","|","|","|","|","|","null","9","IP","MAD","MAD","22","|","|"
"# Svenska partiprogram och valmanifest; text attributes: text_source: ""Hämtat från partiets officiella hemsida."", text_party: ""m"", text_blingbring: ""|olaglighet:11.995|försyndelse:10.949|orätt:9.665|"", text__id: ""b534"", text_lix: ""49.67"", text_nk: ""1.68"", text_ovix: ""66.11"", text_year: ""2013"", text_type: ""Framtidsförslag"", text_type_id: ""f"", text_title: ""Framtidsförslag för hela Sverige"", text_swefn: ""|Preventing:53.253|Make_possible_to_do:32.778|Cause_change_of_strength:24.867|"", text_party_name: ""Moderaterna""","","","","","","","","","","","","","","",""
"","Kunskap","|förnuft|förstånd|kunnighet|meddelande|skicklighet|studium|","|Expertise_positive|","|kunskap|","|","|","|kunskap..nn.1|","neutral","10","SS","NN.UTR.SIN.IND.NOM","NN","1","|Case=Nom|Definite=Ind|Gender=Com|Number=Sing|","|kunskap..1:-1.000|"
"","till","|","|","|till|","|","|","|till..pp.1|","null","1","ET","PP","PP","2","|","|till..1:-1.000|"
"","alla","|","|","|all|","|","|","|all..pn.1|","null","2","PA","PN.UTR+NEU.PLU.IND.SUB+OBJ","PN","3","|Case=Acc,Nom|Definite=Ind|Gender=Com,Neut|Number=Plur|","|all..1:-1.000|"
"","genom","|","|","|genom|","|","|","|genom..pp.1|","null","3","ET","PP","PP","4","|","|genom..1:-1.000|genom..3:-1.000|"
"","en","|","|","|en|","|","|","|en..al.1|","null","9","DT","DT.UTR.SIN.IND","DT","5","|Definite=Ind|Gender=Com|Number=Sing|","|den..1:-1.000|en..2:-1.000|"
"","allmän","|allmännelighet|enhetlighet|samling|spridning|upprepning|vana|vanlighet|överensstämmelse|","|Typicality|","|allmän|","|","|","|allmän..av.1|","neutral","7","CJ","JJ.POS.UTR.SIN.IND.NOM","JJ","6","|Case=Nom|Definite=Ind|Degree=Pos|Gender=Com|Number=Sing|","|allmän..1:0.777|allmän..3:0.113|allmän..4:0.075|allmän..2:0.032|allmän..5:0.003|"
"","och","|","|","|och|","|","|","|och..kn.1|","null","9","AT","KN","KN","7","|","|och..1:-1.000|"
"","fri","|befrielse|frihet|ledighet|lättvindighet|löshet|omängdhet|räddning|söndring|öppning|","|","|fri|","|","|","|fri..av.1|","positive","7","CJ","JJ.POS.UTR.SIN.IND.NOM","JJ","8","|Case=Nom|Definite=Ind|Degree=Pos|Gender=Com|Number=Sing|","|fri..5:0.774|fri..2:0.117|fri..1:0.064|fri..3:0.031|fri..4:0.014|"
"","skola","|beredelse|handledning|kunnighet|metod|samling|undervisningsanstalt|övertygelse|","|Education_teaching|","|skola|","|","|","|skola..nn.1|","neutral","4","PA","NN.UTR.SIN.IND.NOM","NN","9","|Case=Nom|Definite=Ind|Gender=Com|Number=Sing|","|skola..1:0.823|skola..3:0.177|"
"***","skapar","|alstring|form|förmåga|grund|gudom|skicklighet|tillvaro|verklighet|","|Intentionally_create|","|skapa|","|","|","|skapa..vb.1|","neutral","null","ROOT","VB.PRS.AKT","VB","10","|Mood=Ind|Tense=Pres|VerbForm=Fin|Voice=Act|","|skapa..1:-1.000|"
"***","förutsättningar","|antagande|betingelse|bevis|förbehåll|förhand|förhoppning|förmåga|grund|logik|omständighet|tankeämne|","|","|förutsättning|","|förut..ab.1+sättning..nn.1:4.029e-12|för..nn.1+ut..ab.1+sättning..nn.1:3.134e-21|föra..vb.1+ut..ab.1+sättning..nn.1:4.884e-22|","|förut+sättningar|för+ut+sättningar|","|förutsättning..nn.1|","neutral","10","OO","NN.UTR.PLU.IND.NOM","NN","11","|Case=Nom|Definite=Ind|Gender=Com|Number=Plur|","|förutsättning..1:-1.000|"
"***","för","|","|","|för|","|","|","|för..pp.1|","null","11","ET","PP","PP","12","|","|för..1:-1.000|för..5:-1.000|för..6:-1.000|för..7:-1.000|för..9:-1.000|"
"","var","|","|","|var|var_och_en|","|","|","|var..pn.1|var_och_en..pnm.1|","null","12","PA","PN.UTR.SIN.IND.SUB+OBJ","PN","13","|Case=Acc,Nom|Definite=Ind|Gender=Com|Number=Sing|","|var_och_en..1:-1.000|varje..1:-1.000|"
"","och","|","|","|och|var_och_en:13|","|","|","|och..kn.1|var_och_en..pnm.1:13|","null","13","HD","KN","KN","14","|","|och..1:-1.000|var_och_en..1:13:-1.000|"
"","en","|","|","|man|var_och_en:13|","|","|","|man..pn.1|var_och_en..pnm.1:13|","null","13","HD","PN.UTR.SIN.IND.SUB+OBJ","PN","15","|Case=Acc,Nom|Definite=Ind|Gender=Com|Number=Sing|","|man..1:-1.000|var_och_en..1:13:-1.000|"
"","att","|","|","|att|","|","|","|att..sn.1|","null","11","ET","IE","IE","16","|","|att..1:-1.000|"
"","göra","|anvisning|arbete|bekräftelse|bevis|göromål|räkning|viktighet|","|Intentionally_act|","|göra|","|","|","|göra..vb.1|","neutral","16","IF","VB.INF.AKT","VB","17","|VerbForm=Inf|Voice=Act|","|göra..1:0.797|göra..2:0.154|göra..3:0.049|"
"","det","|","|","|den|en|","|","|","|den..pn.1|en..al.1|","null","19","DT","DT.NEU.SIN.DEF","DT","18","|Definite=Def|Gender=Neut|Number=Sing|","|den..1:-1.000|den..2:-1.000|en..2:-1.000|"
"","mesta","|betydenhet|kvantitet|mängd|","|Quantified_mass|","|mycken|","|","|","|mycken..pn.1|","null","17","OO","JJ.SUV.UTR+NEU.SIN+PLU.DEF.NOM","JJ","19","|Case=Nom|Definite=Def|Degree=Sup|Gender=Com,Neut|Number=Plur,Sing|","|mycken..1:-1.000|"
"","av","|","|","|av|","|","|","|av..pp.1|","null","17","OA","PP","PP","20","|","|av..1:-1.000|"
"","sin","|","|","|sig|","|","|","|sig..pn.1|","null","22","DT","PS.UTR.SIN.DEF","PS","21","|Definite=Def|Gender=Com|Number=Sing|","|sig..1:-1.000|"
"","förmåga","|betydenhet|frihet|förmåga|förstånd|inflytande|inre_väsen|kraftmedel|lämplighet|lättvindighet|nytta|skicklighet|","|Capability|","|förmåga|","|","|","|förmåga..nn.1|","positive","20","PA","NN.UTR.SIN.IND.NOM","NN","22","|Case=Nom|Definite=Ind|Gender=Com|Number=Sing|","|förmåga..1:-1.000|"
"",".","|","|","|","|","|","|","null","10","IP","MAD","MAD","23","|","|"
"# Svenska partiprogram och valmanifest; text attributes: text_source: ""Hämtat från partiets officiella hemsida."", text_party: ""m"", text_blingbring: ""|olaglighet:11.995|försyndelse:10.949|orätt:9.665|"", text__id: ""b534"", text_lix: ""49.67"", text_nk: ""1.68"", text_ovix: ""66.11"", text_year: ""2013"", text_type: ""Framtidsförslag"", text_type_id: ""f"", text_title: ""Framtidsförslag för hela Sverige"", text_swefn: ""|Preventing:53.253|Make_possible_to_do:32.778|Cause_change_of_strength:24.867|"", text_party_name: ""Moderaterna""","","","","","","","","","","","","","","",""
"","IT","|","|","|IT|it|","|","|","|IT..nna.1|it..nna.1|","null","2","CJ","NN.AN","NN","1","|Abbr=Yes|","|IT..1:-1.000|"
"","och","|","|","|och|","|","|","|och..kn.1|","null","5","SS","KN","KN","2","|","|och..1:-1.000|"
"","modern","|allmännelighet|anseende|modesak|nutid|stil|ståt|vana|","|Temporal_collocation|","|modern|","|","|","|modern..av.1|","positive","4","AT","JJ.POS.UTR.SIN.IND.NOM","JJ","3","|Case=Nom|Definite=Ind|Degree=Pos|Gender=Com|Number=Sing|","|modern..1:-1.000|"
"","teknik","|föreskrift|medel|metod|musik|","|Fields|","|teknik|","|","|","|teknik..nn.1|","neutral","2","CJ","NN.UTR.SIN.IND.NOM","NN","4","|Case=Nom|Definite=Ind|Gender=Com|Number=Sing|","|teknik..1:0.980|teknik..2:0.020|"
"***","skapar","|alstring|form|förmåga|grund|gudom|skicklighet|tillvaro|verklighet|","|Intentionally_create|","|skapa|","|","|","|skapa..vb.1|","neutral","null","ROOT","VB.PRS.AKT","VB","5","|Mood=Ind|Tense=Pres|VerbForm=Fin|Voice=Act|","|skapa..1:-1.000|"
"***","förutsättningar","|antagande|betingelse|bevis|förbehåll|förhand|förhoppning|förmåga|grund|logik|omständighet|tankeämne|","|","|förutsättning|","|förut..ab.1+sättning..nn.1:4.029e-12|för..nn.1+ut..ab.1+sättning..nn.1:3.134e-21|föra..vb.1+ut..ab.1+sättning..nn.1:4.884e-22|","|förut+sättningar|för+ut+sättningar|","|förutsättning..nn.1|","neutral","5","OO","NN.UTR.PLU.IND.NOM","NN","6","|Case=Nom|Definite=Ind|Gender=Com|Number=Plur|","|förutsättning..1:-1.000|"
"***","för","|","|","|för|","|","|","|för..pp.1|","null","6","ET","PP","PP","7","|","|för..1:-1.000|för..5:-1.000|för..6:-1.000|för..7:-1.000|för..9:-1.000|"
"","konstruktiv","|metod|","|","|konstruktiv|","|","|","|konstruktiv..av.1|","null","9","AT","JJ.POS.UTR.SIN.IND.NOM","JJ","8","|Case=Nom|Definite=Ind|Degree=Pos|Gender=Com|Number=Sing|","|konstruktiv..1:-1.000|"
"","individualisering","|människa|särskildhet|","|","|individualisering|","|","|","|individualisering..nn.1|","null","7","PA","NN.UTR.SIN.IND.NOM","NN","9","|Case=Nom|Definite=Ind|Gender=Com|Number=Sing|","|individualisering..1:-1.000|"
"","i","|","|","|i|","|","|","|i..pp.1|","null","9","ET","PP","PP","10","|","|i..2:-1.000|"
"","skolarbetet","|","|","|skolarbete|","|skola..nn.1+arbete..nn.1:1.810e-11|skola..vb.2+arbete..nn.1:8.618e-20|","|skol+arbetet|","|skolarbete..nn.1|","null","10","PA","NN.NEU.SIN.DEF.NOM","NN","11","|Case=Nom|Definite=Def|Gender=Neut|Number=Sing|","|skolarbete..1:-1.000|"
"",".","|","|","|","|","|","|","null","5","IP","MAD","MAD","12","|","|"
"# Svenska partiprogram och valmanifest; text attributes: text_source: ""Hämtat från partiets officiella hemsida."", text_party: ""m"", text_blingbring: ""|fortgång:8.605|högmod:7.673|förbehåll:6.35|"", text__id: ""337a"", text_lix: ""49.57"", text_nk: ""1.53"", text_ovix: ""65.68"", text_year: ""2013"", text_type: ""Handlingsprogram"", text_type_id: ""h"", text_title: ""Ett modernt arbetarparti för hela Sverige - Moderaternas handlingsprogram 2013"", text_swefn: ""|Make_possible_to_do:61.785|Confronting_problem:41.463|Having_or_lacking_access:34.987|"", text_party_name: ""Moderaterna""","","","","","","","","","","","","","","",""
"","FRÄMJA","|förbättring|hjälp|","|Conferring_benefit|","|främja|","|","|","|främja..vb.1|","positive","8","SS","VB.INF.AKT","VB","1","|VerbForm=Inf|Voice=Act|","|främja..1:-1.000|"
"","FÖRETAGSAMHET","|företag|förvärv|göromål|kraftyttring|raskhet|tidighet|verksamhetsbegär|vilja|villighet|","|","|företagsamhet|","|","|","|företagsamhet..nn.1|","null","3","CJ","NN.UTR.SIN.IND.NOM","NN","2","|Case=Nom|Definite=Ind|Gender=Com|Number=Sing|","|företagsamhet..1:-1.000|"
"","OCH","|","|","|och|","|","|","|och..kn.1|","null","8","SS","KN","KN","3","|","|och..1:-1.000|"
"","TILLVÄXT","|alstring|betydenhet|fortsättning|framgång|framåtskridande|förbättring|fördel|lycka|ofullständighet|rörelse|tilltagande|uppgång|utvidgning|vidfogning|övergång|","|","|tillväxt|","|till..ab.1+växt..nn.1:4.566e-23|","|till+växt|","|tillväxt..nn.1|","neutral","6","DT","NN.UTR.SIN.IND.NOM","NN","4","|Case=Nom|Definite=Ind|Gender=Com|Number=Sing|","|tillväxt..1:-1.000|"
"","Entreprenörskap","|","|","|entreprenörskap|","|entreprenör..nn.1+skap..nn.1:7.578e-14|entreprenör..nn.1+kap..nn.1:1.081e-14|entreprenör..nn.1+kap..nn.2:1.081e-14|","|entreprenör+skap|entreprenörs+kap|","|entreprenörskap..nn.1|","null","6","CJ","NN.NEU.SIN.IND.NOM","NN","5","|Case=Nom|Definite=Ind|Gender=Neut|Number=Sing|","|entreprenörskap..1:-1.000|"
"","och","|","|","|och|","|","|","|och..kn.1|","null","3","CJ","KN","KN","6","|","|och..1:-1.000|"
"","företagsamhet","|företag|förvärv|göromål|kraftyttring|raskhet|tidighet|verksamhetsbegär|vilja|villighet|","|","|företagsamhet|","|","|","|företagsamhet..nn.1|","null","6","CJ","NN.UTR.SIN.IND.NOM","NN","7","|Case=Nom|Definite=Ind|Gender=Com|Number=Sing|","|företagsamhet..1:-1.000|"
"***","skapar","|alstring|form|förmåga|grund|gudom|skicklighet|tillvaro|verklighet|","|Intentionally_create|","|skapa|","|","|","|skapa..vb.1|","neutral","null","ROOT","VB.PRS.AKT","VB","8","|Mood=Ind|Tense=Pres|VerbForm=Fin|Voice=Act|","|skapa..1:-1.000|"
"***","förutsättningar","|antagande|betingelse|bevis|förbehåll|förhand|förhoppning|förmåga|grund|logik|omständighet|tankeämne|","|","|förutsättning|","|förut..ab.1+sättning..nn.1:4.029e-12|för..nn.1+ut..ab.1+sättning..nn.1:3.134e-21|föra..vb.1+ut..ab.1+sättning..nn.1:4.884e-22|","|förut+sättningar|för+ut+sättningar|","|förutsättning..nn.1|","neutral","8","OO","NN.UTR.PLU.IND.NOM","NN","9","|Case=Nom|Definite=Ind|Gender=Com|Number=Plur|","|förutsättning..1:-1.000|"
"***","för","|","|","|för|","|","|","|för..pp.1|","null","8","OA","PP","PP","10","|","|för..1:-1.000|för..5:-1.000|för..6:-1.000|för..7:-1.000|för..9:-1.000|"
"","alla","|","|","|all|","|","|","|all..pn.1|","null","12","DT","DT.UTR+NEU.PLU.IND+DEF","DT","11","|Definite=Def,Ind|Gender=Com,Neut|Number=Plur|","|all..1:-1.000|"
"","jobb","|försök|slump|","|Being_employed|","|jobb|","|","|","|jobb..nn.1|","neutral","13","CJ","NN.NEU.PLU.IND.NOM","NN","12","|Case=Nom|Definite=Ind|Gender=Neut|Number=Plur|","|jobb..1:0.959|jobb..2:0.041|"
"","och","|","|","|och|","|","|","|och..kn.1|","null","10","PA","KN","KN","13","|","|och..1:-1.000|"
"","all","|","|","|all|","|","|","|all..pn.1|","null","15","DT","DT.UTR.SIN.IND+DEF","DT","14","|Definite=Def,Ind|Gender=Com|Number=Sing|","|all..1:-1.000|"
"","välfärd","|fördel|lycka|","|","|välfärd|","|väl..ab.1+färd..nn.1:2.863e-10|väl..nn.1+färd..nn.1:9.416e-13|","|väl+färd|","|välfärd..nn.1|","positive","13","CJ","NN.UTR.SIN.IND.NOM","NN","15","|Case=Nom|Definite=Ind|Gender=Com|Number=Sing|","|välfärd..1:-1.000|"
"",".","|","|","|","|","|","|","null","8","IP","MAD","MAD","16","|","|"
"# Svenska partiprogram och valmanifest; text attributes: text_source: ""Hämtat från partiets officiella hemsida."", text_party: ""m"", text_blingbring: ""|fortgång:8.605|högmod:7.673|förbehåll:6.35|"", text__id: ""337a"", text_lix: ""49.57"", text_nk: ""1.53"", text_ovix: ""65.68"", text_year: ""2013"", text_type: ""Handlingsprogram"", text_type_id: ""h"", text_title: ""Ett modernt arbetarparti för hela Sverige - Moderaternas handlingsprogram 2013"", text_swefn: ""|Make_possible_to_do:61.785|Confronting_problem:41.463|Having_or_lacking_access:34.987|"", text_party_name: ""Moderaterna""","","","","","","","","","","","","","","",""
"","Rättvis","|dygd|laglighet|omdöme|redlighet|rätt|","|Fairness_evaluation|","|rättvis|","|rätt..ab.1+vis..av.1:7.166e-13|rätt..av.1+vis..av.1:7.166e-13|rätt..nn.3+vis..av.1:3.480e-13|","|rätt+vis|","|rättvis..av.1|","positive","2","AT","JJ.POS.UTR.SIN.IND.NOM","JJ","1","|Case=Nom|Definite=Ind|Degree=Pos|Gender=Com|Number=Sing|","|rättvis..1:-1.000|"
"","lönebildning","|","|","|lönebildning|","|lön..nn.1+bildning..nn.1:8.533e-14|","|löne+bildning|","|lönebildning..nn.1|","null","3","CJ","NN.UTR.SIN.IND.NOM","NN","2","|Case=Nom|Definite=Ind|Gender=Com|Number=Sing|","|lönebildning..1:-1.000|"
"","och","|","|","|och|","|","|","|och..kn.1|","null","7","SS","KN","KN","3","|","|och..1:-1.000|"
"","en","|","|","|en|","|","|","|en..al.1|","null","6","DT","DT.UTR.SIN.IND","DT","4","|Definite=Ind|Gender=Com|Number=Sing|","|den..1:-1.000|en..2:-1.000|"
"","jämställd","|","|","|jämställa|jämställd|","|","|","|jämställa..vb.1|jämställd..av.1|","null","6","AT","PC.PRF.UTR.SIN.IND.NOM","PC","5","|Case=Nom|Definite=Ind|Gender=Com|Number=Sing|Tense=Past|VerbForm=Part|","|jämställd..1:0.976|jämställa..1:0.024|"
"","arbetsmarknad","|arbete|","|","|arbetsmarknad|","|arbete..nn.1+marknad..nn.1:5.427e-12|ar..nn.1+bet..nn.1+marknad..nn.1:7.311e-17|ar..nn.1+beta..nn.1+marknad..nn.1:7.311e-17|ar..nn.1+bete..nn.2+marknad..nn.1:7.311e-17|ar..nn.1+bets..nn.1+marknad..nn.1:7.311e-17|ar..nn.1+betsa..vb.1+marknad..nn.1:1.220e-19|","|arbets+marknad|ar+bets+marknad|","|arbetsmarknad..nn.1|","neutral","3","CJ","NN.UTR.SIN.IND.NOM","NN","6","|Case=Nom|Definite=Ind|Gender=Com|Number=Sing|","|arbetsmarknad..1:-1.000|"
"***","skapar","|alstring|form|förmåga|grund|gudom|skicklighet|tillvaro|verklighet|","|Intentionally_create|","|skapa|","|","|","|skapa..vb.1|","neutral","null","ROOT","VB.PRS.AKT","VB","7","|Mood=Ind|Tense=Pres|VerbForm=Fin|Voice=Act|","|skapa..1:-1.000|"
"***","förutsättningar","|antagande|betingelse|bevis|förbehåll|förhand|förhoppning|förmåga|grund|logik|omständighet|tankeämne|","|","|förutsättning|","|förut..ab.1+sättning..nn.1:4.029e-12|för..nn.1+ut..ab.1+sättning..nn.1:3.134e-21|föra..vb.1+ut..ab.1+sättning..nn.1:4.884e-22|","|förut+sättningar|för+ut+sättningar|","|förutsättning..nn.1|","neutral","7","OO","NN.UTR.PLU.IND.NOM","NN","8","|Case=Nom|Definite=Ind|Gender=Com|Number=Plur|","|förutsättning..1:-1.000|"
"***","för","|","|","|för|","|","|","|för..pp.1|","null","8","ET","PP","PP","9","|","|för..1:-1.000|för..5:-1.000|för..6:-1.000|för..7:-1.000|för..9:-1.000|"
"","att","|","|","|att|","|","|","|att..sn.1|","null","9","PA","SN","SN","10","|","|att..1:-1.000|"
"","kvinnor","|kvinnokön|manbarhet|","|People|","|kvinna|","|kvinna..nn.1+nor..nn.1:6.449e-21|","|kvinn+nor|","|kvinna..nn.1|","neutral","12","CJ","NN.UTR.PLU.IND.NOM","NN","11","|Case=Nom|Definite=Ind|Gender=Com|Number=Plur|","|kvinna..1:-1.000|"
"","och","|","|","|och|","|","|","|och..kn.1|","null","15","SS","KN","KN","12","|","|och..1:-1.000|"
"","män","|manbarhet|mankön|mod|trådformighet|vidhängning|","|People|","|man|","|","|","|man..nn.1|","neutral","12","CJ","NN.UTR.PLU.IND.NOM","NN","13","|Case=Nom|Definite=Ind|Gender=Com|Number=Plur|","|man..2:0.615|man..4:0.385|"
"","själva","|identitet|särskildhet|","|Proper_reference|","|själv|själva|","|","|","|själv..pn.1|själva..pn.1|","null","13","PT","JJ.POS.UTR+NEU.PLU.IND+DEF.NOM","JJ","14","|Case=Nom|Definite=Def,Ind|Degree=Pos|Gender=Com,Neut|Number=Plur|","|själv..1:-1.000|själv..2:-1.000|själv..3:-1.000|"
"","ska","|beredelse|bestämmelse|bundenhet|förfarande|handledning|ledning|ofrivillighet|plikt|skicklighet|undervisningsanstalt|","|Desirable_event|","|skola|","|","|","|skola..vb.2|","neutral","10","UA","VB.PRS.AKT","VB","15","|Mood=Ind|Tense=Pres|VerbForm=Fin|Voice=Act|","|skola..4:-1.000|"
"","kunna","|förmåga|kunnighet|skicklighet|styrka|","|Capability|","|kunna|","|","|","|kunna..vb.1|","neutral","15","VG","VB.INF.AKT","VB","16","|VerbForm=Inf|Voice=Act|","|kunna..1:0.628|kunna..3:0.222|kunna..4:0.105|kunna..2:0.045|"
"","bestämma","|avtal|befallning|beredelse|beslutsamhet|bestämmelse|drivfjäder|fullbordan|förhand|grund|omdöme|reglering|särskildhet|val|varaktighet|vilja|visshet|","|Eventive_cognizer_affecting|","|bestämma|","|","|","|bestämma..vb.1|","neutral","16","VG","VB.INF.AKT","VB","17","|VerbForm=Inf|Voice=Act|","|bestämma..2:0.605|bestämma..1:0.395|"
"","hur","|","|","|hur|","|","|","|hur..ab.1|","null","20","AA","HA","HA","18","|","|hur..1:-1.000|"
"","de","|","|","|de|","|","|","|de..pn.1|","null","20","SS","PN.UTR+NEU.PLU.DEF.SUB","PN","19","|Case=Nom|Definite=Def|Gender=Com,Neut|Number=Plur|","|de..1:-1.000|"
"","fördelar","|del|fördelning|spridning|","|Separating|","|fördela|","|föra..vb.1+dela..vb.1:1.976e-13|för..nn.1+dela..vb.1:2.416e-16|","|för+delar|","|fördela..vb.1|","neutral","17","OO","VB.PRS.AKT","VB","20","|Mood=Ind|Tense=Pres|VerbForm=Fin|Voice=Act|","|fördela..1:-1.000|"
"","sin","|","|","|sig|","|","|","|sig..pn.1|","null","22","DT","PS.UTR.SIN.DEF","PS","21","|Definite=Def|Gender=Com|Number=Sing|","|sig..1:-1.000|"
"","tid","|tid|","|Measure_duration|","|tid|","|","|","|tid..nn.1|","neutral","20","OO","NN.UTR.SIN.IND.NOM","NN","22","|Case=Nom|Definite=Ind|Gender=Com|Number=Sing|","|tid..1:-1.000|"
"",".","|","|","|","|","|","|","null","7","IP","MAD","MAD","23","|","|"
"# Svenska partiprogram och valmanifest; text attributes: text_source: ""Hämtat från partiets officiella hemsida."", text_party: ""m"", text_blingbring: ""|fortgång:8.605|högmod:7.673|förbehåll:6.35|"", text__id: ""337a"", text_lix: ""49.57"", text_nk: ""1.53"", text_ovix: ""65.68"", text_year: ""2013"", text_type: ""Handlingsprogram"", text_type_id: ""h"", text_title: ""Ett modernt arbetarparti för hela Sverige - Moderaternas handlingsprogram 2013"", text_swefn: ""|Make_possible_to_do:61.785|Confronting_problem:41.463|Having_or_lacking_access:34.987|"", text_party_name: ""Moderaterna""","","","","","","","","","","","","","","",""
"","En","|","|","|en|","|","|","|en..al.1|","null","3","DT","DT.UTR.SIN.IND","DT","1","|Definite=Ind|Gender=Com|Number=Sing|","|den..1:-1.000|en..2:-1.000|"
"","sådan","|identitet|jämförelse|likhet|omständighet|samhörighet|tidsförhållande|tillstånd|","|","|sån|","|så..vb.1+dan..av.1:7.624e-24|så..nn.1+dan..av.1:2.422e-28|","|så+dan|","|sån..pn.1|","null","3","DT","JJ.POS.UTR.SIN.IND.NOM","JJ","2","|Case=Nom|Definite=Ind|Degree=Pos|Gender=Com|Number=Sing|","|sådan..1:-1.000|"
"","förvaltning","|arbete|bemyndigande|förfarande|göromål|ledning|myndighet|ordning|reglering|rådsförsamling|verksamhet|","|","|förvaltning|","|","|","|förvaltning..nn.1|","neutral","4","SS","NN.UTR.SIN.IND.NOM","NN","3","|Case=Nom|Definite=Ind|Gender=Com|Number=Sing|","|förvaltning..1:-1.000|"
"***","skapar","|alstring|form|förmåga|grund|gudom|skicklighet|tillvaro|verklighet|","|Intentionally_create|","|skapa|","|","|","|skapa..vb.1|","neutral","null","ROOT","VB.PRS.AKT","VB","4","|Mood=Ind|Tense=Pres|VerbForm=Fin|Voice=Act|","|skapa..1:-1.000|"
"***","förutsättningar","|antagande|betingelse|bevis|förbehåll|förhand|förhoppning|förmåga|grund|logik|omständighet|tankeämne|","|","|förutsättning|","|förut..ab.1+sättning..nn.1:4.029e-12|för..nn.1+ut..ab.1+sättning..nn.1:3.134e-21|föra..vb.1+ut..ab.1+sättning..nn.1:4.884e-22|","|förut+sättningar|för+ut+sättningar|","|förutsättning..nn.1|","neutral","4","OO","NN.UTR.PLU.IND.NOM","NN","5","|Case=Nom|Definite=Ind|Gender=Com|Number=Plur|","|förutsättning..1:-1.000|"
"***","för","|","|","|för|","|","|","|för..pp.1|","null","4","AA","PP","PP","6","|","|för..1:-1.000|för..5:-1.000|för..6:-1.000|för..7:-1.000|för..9:-1.000|"
"","att","|","|","|att|","|","|","|att..sn.1|","null","12","MS","IE","IE","7","|","|att..1:-1.000|"
"","värna","|försvar|skydd|","|Protecting|","|värna|","|","|","|värna..vb.1|","positive","7","IF","VB.INF.AKT","VB","8","|VerbForm=Inf|Voice=Act|","|värna..1:-1.000|"
"","Sveriges","|","|","|Sverige|","|","|","|Sverige..pm.1|","null","11","DT","PM.GEN","PM","9","|Case=Gen|","|Sverige..1:-1.000|"
"","långa","|höjning|längd|långvarighet|utsträckning|","|Dimension|","|lång|","|","|","|lång..av.1|","neutral","11","AT","JJ.POS.UTR+NEU.PLU.IND+DEF.NOM","JJ","10","|Case=Nom|Definite=Def,Ind|Degree=Pos|Gender=Com,Neut|Number=Plur|","|lång..1:-1.000|"
"","jakttraditioner","|","|","|jakttradition|","|jakt..nn.1+tradition..nn.1:5.040e-11|","|jakt+traditioner|","|","null","8","OO","NN.UTR.PLU.IND.NOM","NN","11","|Case=Nom|Definite=Ind|Gender=Com|Number=Plur|","|"
"","och","|","|","|och|","|","|","|och..kn.1|","null","5","ET","KN","KN","12","|","|och..1:-1.000|"
"","samtidigt","|beledsagning|nutid|samtidighet|","|Relative_time|","|samtidig|","|sam..sxc.1+tidig..av.1:2.795e-19|","|sam+tidigt|","|samtidig..av.1|","neutral","14","TA","AB","AB","13","|","|samtidig..1:-1.000|"
"","ha","|besittning|egendom|frändskap|inre_väsen|misshag|","|Possession|","|ha|","|","|","|ha..vb.1|","neutral","12","+F","VB.INF.AKT","VB","14","|VerbForm=Inf|Voice=Act|","|ha..1:0.947|ha..3:0.053|"
"","livskraftiga","|hälsa|liv|storhet|","|Health_status|","|livskraftig|","|liv..nn.1+kraftig..av.1:3.035e-12|livs..nn.1+kraftig..av.1:3.035e-12|livs..av.1+kraftig..av.1:1.643e-20|","|livs+kraftiga|","|livskraftig..av.1|","null","16","AT","JJ.POS.UTR+NEU.PLU.IND+DEF.NOM","JJ","15","|Case=Nom|Definite=Def,Ind|Degree=Pos|Gender=Com,Neut|Number=Plur|","|livskraftig..1:-1.000|"
"","stammar","|efterkommande|fartyg|grund|helhet|härkomst|klass|samling|växt|","|","|stam|","|","|","|stam..nn.1|","null","14","OO","NN.UTR.PLU.IND.NOM","NN","16","|Case=Nom|Definite=Ind|Gender=Com|Number=Plur|","|stam..3:0.999|stam..1:0.001|stam..2:0.000|stam..5:0.000|stam..4:0.000|"
"","av","|","|","|av|","|","|","|av..pp.1|","null","16","ET","PP","PP","17","|","|av..1:-1.000|"
"","vilt","|brådska|frihet|genstörtighet|illvilja|känsla|ljudstyrka|obereddhet|upprördhet|våldsamhet|överkänslighet|","|","|vild|","|","|","|vild..av.1|","neutral","19","CJ","AB.POS","AB","18","|Degree=Pos|","|vild..1:-1.000|"
"","och","|","|","|och|","|","|","|och..kn.1|","null","17","PA","KN","KN","19","|","|och..1:-1.000|"
"","rovdjur","|besittningstagande|djur|tjuv|","|Animals|","|rovdjur|","|rov..nn.1+djur..nn.1:4.902e-12|rova..nn.1+djur..nn.1:4.902e-12|","|rov+djur|","|rovdjur..nn.1|","null","19","CJ","NN.NEU.SIN.IND.NOM","NN","20","|Case=Nom|Definite=Ind|Gender=Neut|Number=Sing|","|rovdjur..1:-1.000|"
"",".","|","|","|","|","|","|","null","4","IP","MAD","MAD","21","|","|"
"# Svenska partiprogram och valmanifest; text attributes: text_source: ""Hämtat från partiets officiella hemsida."", text_party: ""m"", text_blingbring: ""|räddning:9.064|gåpåare:8.806|osjälviskhet:8.738|"", text__id: ""e0f1"", text_lix: ""48.44"", text_nk: ""1.42"", text_ovix: ""63.20"", text_year: ""2013"", text_type: ""Idéprogram"", text_type_id: ""i"", text_title: ""Ansvar för hela Sverige- Moderaternas Idéprogram"", text_swefn: ""|Make_possible_to_do:98.063|Cure_mod:56.45|Function:50.692|"", text_party_name: ""Moderaterna""","","","","","","","","","","","","","","",""
"","Den","|","|","|den|en|","|","|","|den..pn.1|en..al.1|","null","3","DT","DT.UTR.SIN.DEF","DT","1","|Definite=Def|Gender=Com|Number=Sing|","|den..1:-1.000|den..2:-1.000|en..2:-1.000|"
"","gemensamma","|beledsagning|förbindelse|förening|gemensamhet|sammanslutning|samverkan|vidfogning|ömsesidighet|","|Commonality|","|gemensam|","|gem..nn.1+ensam..av.1:4.978e-13|gem..nn.2+ensam..av.1:4.978e-13|","|gem+ensamma|","|gemensam..av.1|","neutral","3","AT","JJ.POS.UTR+NEU.SIN.DEF.NOM","JJ","2","|Case=Nom|Definite=Def|Degree=Pos|Gender=Com,Neut|Number=Sing|","|gemensam..1:-1.000|"
"","finansieringen","|","|Commerce_pay|","|finansiering|","|","|","|finansiering..nn.1|","neutral","9","SS","NN.UTR.SIN.DEF.NOM","NN","3","|Case=Nom|Definite=Def|Gender=Com|Number=Sing|","|finansiering..1:-1.000|"
"","tillsammans","|beledsagning|förbindelse|förening|samling|sammanslutning|samtidighet|samverkan|vidfogning|","|Accompaniment|","|tillsammans|","|","|","|tillsammans..ab.1|","null","5","AA","AB","AB","4","|","|tillsammans..1:-1.000|"
"","med","|","|","|med|","|","|","|med..pp.1|","null","3","ET","PP","PP","5","|","|med..1:-1.000|med..2:-1.000|"
"","valfrihet","|frihet|val|vilja|","|","|valfrihet|","|val..nn.1+frihet..nn.1:1.338e-09|val..nn.2+frihet..nn.1:1.338e-09|","|val+frihet|","|valfrihet..nn.1|","null","7","CJ","NN.UTR.SIN.IND.NOM","NN","6","|Case=Nom|Definite=Ind|Gender=Com|Number=Sing|","|valfrihet..1:-1.000|"
"","och","|","|","|och|","|","|","|och..kn.1|","null","5","PA","KN","KN","7","|","|och..1:-1.000|"
"","mångfald","|mängd|månggestaltning|olikhet|åtskillnad|","|Diversity|","|mångfald|","|","|","|mångfald..nn.1|","null","7","CJ","NN.UTR.SIN.IND.NOM","NN","8","|Case=Nom|Definite=Ind|Gender=Com|Number=Sing|","|mångfald..1:-1.000|"
"***","skapar","|alstring|form|förmåga|grund|gudom|skicklighet|tillvaro|verklighet|","|Intentionally_create|","|skapa|","|","|","|skapa..vb.1|","neutral","null","ROOT","VB.PRS.AKT","VB","9","|Mood=Ind|Tense=Pres|VerbForm=Fin|Voice=Act|","|skapa..1:-1.000|"
"***","förutsättningar","|antagande|betingelse|bevis|förbehåll|förhand|förhoppning|förmåga|grund|logik|omständighet|tankeämne|","|","|förutsättning|","|förut..ab.1+sättning..nn.1:4.029e-12|för..nn.1+ut..ab.1+sättning..nn.1:3.134e-21|föra..vb.1+ut..ab.1+sättning..nn.1:4.884e-22|","|förut+sättningar|för+ut+sättningar|","|förutsättning..nn.1|","neutral","9","OO","NN.UTR.PLU.IND.NOM","NN","10","|Case=Nom|Definite=Ind|Gender=Com|Number=Plur|","|förutsättning..1:-1.000|"
"***","för","|","|","|för|","|","|","|för..pp.1|","null","10","ET","PP","PP","11","|","|för..1:-1.000|för..5:-1.000|för..6:-1.000|för..7:-1.000|för..9:-1.000|"
"","varje","|","|","|","|","|","|","null","13","DT","DT.UTR+NEU.SIN.IND","DT","12","|Definite=Ind|Gender=Com,Neut|Number=Sing|","|"
"","elev","|lärjunge|","|Education_teaching|","|elev|","|","|","|elev..nn.1|","neutral","11","PA","NN.UTR.SIN.IND.NOM","NN","13","|Case=Nom|Definite=Ind|Gender=Com|Number=Sing|","|elev..1:0.976|elev..2:0.024|"
"","att","|","|","|att|","|","|","|att..sn.1|","null","19","MS","IE","IE","14","|","|att..1:-1.000|"
"","komma","|ankomst|följd|långsamhet|slump|tidsförhållande|övergång|överlägsenhet|","|Excreting|","|komma|komma_till_sin_rätt|","|","|","|komma..vb.1|komma_till_sin_rätt..vbm.1|","positive","14","IF","VB.INF.AKT","VB","15","|VerbForm=Inf|Voice=Act|","|komma..3:0.516|komma..1:0.484|komma_till_sin_rätt..1:-1.000|"
"","till","|","|","|till|komma_till_sin_rätt:15|","|","|","|till..pp.1|komma_till_sin_rätt..vbm.1:15|","null","15","OA","PP","PP","16","|","|komma_till_sin_rätt..1:15:-1.000|till..1:-1.000|"
"","sin","|","|","|sig|komma_till_sin_rätt:15|","|","|","|sig..pn.1|komma_till_sin_rätt..vbm.1:15|","null","18","DT","PS.UTR.SIN.DEF","PS","17","|Definite=Def|Gender=Com|Number=Sing|","|komma_till_sin_rätt..1:15:-1.000|sig..1:-1.000|"
"","rätt","|domstol|frihet|förtäring|laglighet|riktighet|rätt|rådsförsamling|","|Law|","|rätt|komma_till_sin_rätt:15|","|","|","|rätt..nn.1|rätt..nn.2|rätt..nn.3|komma_till_sin_rätt..vbm.1:15|","positive","16","PA","NN.UTR.SIN.IND.NOM","NN","18","|Case=Nom|Definite=Ind|Gender=Com|Number=Sing|","|rätt..2:0.960|rätt..3:0.031|rätt..4:0.009|komma_till_sin_rätt..1:15:-1.000|"
"","och","|","|","|och|","|","|","|och..kn.1|","null","10","ET","KN","KN","19","|","|och..1:-1.000|"
"","utvecklas","|alstring|beredelse|fråga|fullständighet|reglering|skildring|tilltagande|uttydning|utvidgning|","|Cause_to_make_progress|","|utveckla|utvecklas|","|ut..ab.1+veckla..vb.1:3.136e-11|ut..ab.1+veck..nn.1+lägga..vb.1:1.590e-18|ut..ab.1+vecka..nn.1+lägga..vb.1:1.590e-18|ut..ab.1+vecka..vb.1+lägga..vb.1:1.068e-29|","|ut+vecklas|ut+veck+las|","|utveckla..vb.1|utvecklas..vb.1|","positive","19","+F","VB.INF.SFO","VB","20","|VerbForm=Inf|Voice=Pass|","|utveckla..1:0.581|utvecklas..1:0.419|"
"","i","|","|","|i|","|","|","|i..pp.1|","null","20","RA","PP","PP","21","|","|i..2:-1.000|"
"","sina","|","|","|sig|","|","|","|sig..pn.1|","null","23","DT","PS.UTR+NEU.PLU.DEF","PS","22","|Definite=Def|Gender=Com,Neut|Number=Plur|","|sig..1:-1.000|"
"","talanger","|arbete|benägenhet|förmåga|förnuft|förstånd|kunnighet|mästare|skicklighet|studium|","|","|talang|","|","|","|talang..nn.1|","null","21","PA","NN.UTR.PLU.IND.NOM","NN","23","|Case=Nom|Definite=Ind|Gender=Com|Number=Plur|","|talang..1:0.770|talang..2:0.230|"
"",".","|","|","|","|","|","|","null","9","IP","MAD","MAD","24","|","|"
"# Svenska partiprogram och valmanifest; text attributes: text_source: ""Hämtat från partiets officiella hemsida."", text_party: ""m"", text_blingbring: ""|tredubbling:16.5|filantropi:15.291|fortgång:12.939|"", text__id: ""2e76"", text_lix: ""49.89"", text_nk: ""1.67"", text_ovix: ""66.61"", text_year: ""2013"", text_type: ""Valmanifest - Europaval"", text_type_id: ""v_eu"", text_title: ""Ansvar och möjligheter - Moderaternas Europaplattform 2013"", text_swefn: ""|Execute_plan:41.538|Alliance:39.864|People_by_jurisdiction:32.441|"", text_party_name: ""Moderaterna""","","","","","","","","","","","","","","",""
"","Den","|","|","|den|","|","|","|den..pn.1|","null","2","SS","PN.UTR.SIN.DEF.SUB+OBJ","PN","1","|Case=Acc,Nom|Definite=Def|Gender=Com|Number=Sing|","|den..2:-1.000|"
"","binder","|hinder|inskränkning|lägebestämning|motstånd|ofrihet|orörlighet|tvång|","|Attaching|","|binda|binda_ihop|","|","|","|binda..vb.1|binda_ihop..vbm.1|","neutral","5","MS","VB.PRS.AKT","VB","2","|Mood=Ind|Tense=Pres|VerbForm=Fin|Voice=Act|","|binda..1:0.961|binda..3:0.039|binda_ihop..1:-1.000|"
"","ihop","|","|","|ihop|binda_ihop:2|","|","|","|ihop..ab.1|binda_ihop..vbm.1:2|","null","2","PL","PL","PL","3","|","|binda_ihop..1:2:-1.000|ihop..1:-1.000|"
"","människor","|människa|","|People|","|människa|","|","|","|människa..nn.1|","neutral","2","OO","NN.UTR.PLU.IND.NOM","NN","4","|Case=Nom|Definite=Ind|Gender=Com|Number=Plur|","|människa..1:-1.000|"
"","och","|","|","|och|","|","|","|och..kn.1|","null","null","ROOT","KN","KN","5","|","|och..1:-1.000|"
"","skapar","|alstring|form|förmåga|grund|gudom|skicklighet|tillvaro|verklighet|","|Intentionally_create|","|skapa|","|","|","|skapa..vb.1|","neutral","5","+F","VB.PRS.AKT","VB","6","|Mood=Ind|Tense=Pres|VerbForm=Fin|Voice=Act|","|skapa..1:-1.000|"
"","kontakter","|förbindelse|förbindelsemedel|närhet|närmande|sammanhang|sammanslutning|samstämmighet|vidfogning|vidröring|","|Contacting|","|kontakt|","|kon..nn.1+takt..nn.1:5.999e-13|kona..nn.1+takt..nn.1:5.999e-13|kont..nn.1+akt..nn.1:1.414e-13|kont..nn.1+akter..nn.1:1.414e-13|","|kon+takter|kont+akter|","|kontakt..nn.1|","neutral","6","OO","NN.UTR.PLU.IND.NOM","NN","7","|Case=Nom|Definite=Ind|Gender=Com|Number=Plur|","|kontakt..1:0.963|kontakt..3:0.020|kontakt..2:0.016|"
"","mellan","|","|","|mellan|","|","|","|mellan..pp.1|","null","6","RA","PP","PP","8","|","|mellan..1:-1.000|"
"","folk","|fördel|innevånare|människa|ordvarietet|samling|","|People|","|folk|","|","|","|folk..nn.1|","neutral","10","CJ","NN.NEU.PLU.IND.NOM","NN","9","|Case=Nom|Definite=Ind|Gender=Neut|Number=Plur|","|folk..1:0.770|folk..3:0.173|folk..4:0.057|"
"","och","|","|","|och|","|","|","|och..kn.1|","null","8","PA","KN","KN","10","|","|och..1:-1.000|"
"","kulturer","|beredelse|förbättring|fördel|jordbruk|kunnighet|modesak|människa|","|Fields|","|kultur|","|kul..av.1+tur..nn.1:4.407e-11|kula..nn.1+tur..nn.1:1.289e-19|","|kul+turer|","|kultur..nn.1|","neutral","10","CJ","NN.UTR.PLU.IND.NOM","NN","11","|Case=Nom|Definite=Ind|Gender=Com|Number=Plur|","|kultur..1:0.746|kultur..3:0.222|kultur..2:0.032|"
"","samtidigt","|beledsagning|nutid|samtidighet|","|Relative_time|","|samtidig|","|sam..sxc.1+tidig..av.1:2.795e-19|","|sam+tidigt|","|samtidig..av.1|","neutral","6","TA","AB","AB","12","|","|samtidig..1:-1.000|"
"","som","|","|","|som|","|","|","|som..ab.1|","null","12","HD","HA","HA","13","|","|som..3:-1.000|"
"","den","|","|","|den|","|","|","|den..pn.1|","null","15","SS","PN.UTR.SIN.DEF.SUB+OBJ","PN","14","|Case=Acc,Nom|Definite=Def|Gender=Com|Number=Sing|","|den..2:-1.000|"
"***","skapar","|alstring|form|förmåga|grund|gudom|skicklighet|tillvaro|verklighet|","|Intentionally_create|","|skapa|","|","|","|skapa..vb.1|","neutral","12","UA","VB.PRS.AKT","VB","15","|Mood=Ind|Tense=Pres|VerbForm=Fin|Voice=Act|","|skapa..1:-1.000|"
"***","förutsättningar","|antagande|betingelse|bevis|förbehåll|förhand|förhoppning|förmåga|grund|logik|omständighet|tankeämne|","|","|förutsättning|","|förut..ab.1+sättning..nn.1:4.029e-12|för..nn.1+ut..ab.1+sättning..nn.1:3.134e-21|föra..vb.1+ut..ab.1+sättning..nn.1:4.884e-22|","|förut+sättningar|för+ut+sättningar|","|förutsättning..nn.1|","neutral","15","OO","NN.UTR.PLU.IND.NOM","NN","16","|Case=Nom|Definite=Ind|Gender=Com|Number=Plur|","|förutsättning..1:-1.000|"
"***","för","|","|","|för|","|","|","|för..pp.1|","null","15","OA","PP","PP","17","|","|för..1:-1.000|för..5:-1.000|för..6:-1.000|för..7:-1.000|för..9:-1.000|"
"","jobb","|försök|slump|","|Being_employed|","|jobb|","|","|","|jobb..nn.1|","neutral","19","CJ","NN.NEU.SIN.IND.NOM","NN","18","|Case=Nom|Definite=Ind|Gender=Neut|Number=Sing|","|jobb..1:0.906|jobb..2:0.094|"
"","och","|","|","|och|","|","|","|och..kn.1|","null","17","PA","KN","KN","19","|","|och..1:-1.000|"
"","tillväxt","|alstring|betydenhet|fortsättning|framgång|framåtskridande|förbättring|fördel|lycka|ofullständighet|rörelse|tilltagande|uppgång|utvidgning|vidfogning|övergång|","|","|tillväxt|","|till..ab.1+växt..nn.1:4.433e-11|","|till+växt|","|tillväxt..nn.1|","neutral","19","CJ","NN.UTR.SIN.IND.NOM","NN","20","|Case=Nom|Definite=Ind|Gender=Com|Number=Sing|","|tillväxt..1:-1.000|"
"",".","|","|","|","|","|","|","null","5","IP","MAD","MAD","21","|","|"
"# Svenska partiprogram och valmanifest; text attributes: text_source: ""Hämtat från partiets officiella hemsida."", text_party: ""m"", text_blingbring: ""|tredubbling:20.005|filantropi:11.123|parallellism:9.306|"", text__id: ""079c"", text_lix: ""44.78"", text_nk: ""1.59"", text_ovix: ""67.63"", text_year: ""2018"", text_type: ""Valmanifest - Riksdagsval"", text_type_id: ""v"", text_title: ""Nu tar vi tag i Sverige - Valmanifest 2018"", text_swefn: ""|Preventing:39.002|Historic_event:31.325|Cause_change_of_strength:30.882|"", text_party_name: ""Moderaterna""","","","","","","","","","","","","","","",""
"","Ökade","|","|","|öka|","|","|","|öka..vb.2|","neutral","2","AT","PC.PRF.UTR+NEU.PLU.IND+DEF.NOM","PC","1","|Case=Nom|Definite=Def,Ind|Gender=Com,Neut|Number=Plur|Tense=Past|VerbForm=Part|","|öka..2:-1.000|"
"","möjligheter","|bestämmelse|förmåga|läglighet|lämplighet|lättvindighet|möjlighet|slump|","|Possibility|","|möjlighet|","|","|","|möjlighet..nn.1|","positive","11","SS","NN.UTR.PLU.IND.NOM","NN","2","|Case=Nom|Definite=Ind|Gender=Com|Number=Plur|","|möjlighet..1:-1.000|"
"","till","|","|","|till|","|","|","|till..pp.1|","null","2","ET","PP","PP","3","|","|till..1:-1.000|"
"","livsmedelsproduktion","|","|","|livsmedelsproduktion|","|livsmedel..nn.1+produktion..nn.1:1.140e-12|liv..nn.1+medel..nn.1+produktion..nn.1:1.035e-18|livs..nn.1+medel..nn.1+produktion..nn.1:1.035e-18|livs..av.1+medel..nn.1+produktion..nn.1:3.220e-27|","|livsmedels+produktion|livs+medels+produktion|","|livsmedelsproduktion..nn.1|","null","3","PA","NN.UTR.SIN.IND.NOM","NN","4","|Case=Nom|Definite=Ind|Gender=Com|Number=Sing|","|livsmedelsproduktion..1:-1.000|"
"","och","|","|","|och|","|","|","|och..kn.1|","null","3","PA","KN","KN","5","|","|och..1:-1.000|"
"","stärkt","|","|","|stärka|","|","|","|stärka..vb.1|","positive","7","AT","PC.PRF.UTR.SIN.IND.NOM","PC","6","|Case=Nom|Definite=Ind|Gender=Com|Number=Sing|Tense=Past|VerbForm=Part|","|stärka..1:1.000|stärka..2:0.000|"
"","konkurrenskraft","|","|","|konkurrenskraft|","|konkurrens..nn.1+kraft..nn.1:4.417e-10|","|konkurrens+kraft|","|konkurrenskraft..nn.1|","null","5","CJ","NN.UTR.SIN.IND.NOM","NN","7","|Case=Nom|Definite=Ind|Gender=Com|Number=Sing|","|konkurrenskraft..1:-1.000|"
"","hos","|","|","|hos|","|","|","|hos..pp.1|","null","7","ET","PP","PP","8","|","|hos..1:-1.000|"
"","landsbygdens","|inland|land|","|Political_locales|","|landsbygd|","|land..nn.1+bygd..nn.1:1.180e-12|land..nn.2+bygd..nn.1:1.180e-12|land..nn.3+bygd..nn.1:1.180e-12|land..nn.1+bygd..nn.1+n..nn.1:8.113e-22|land..nn.2+bygd..nn.1+n..nn.1:8.113e-22|land..nn.3+bygd..nn.1+n..nn.1:8.113e-22|","|lands+bygdens|lands+bygde+ns|","|landsbygd..nn.1|","null","10","DT","NN.UTR.SIN.DEF.GEN","NN","9","|Case=Gen|Definite=Def|Gender=Com|Number=Sing|","|landsbygd..1:-1.000|"
"","företag","|arbete|början|företag|göromål|syfte|","|Intentionally_act|","|företag|","|","|före+tag|","|företag..nn.1|","neutral","8","PA","NN.NEU.PLU.IND.NOM","NN","10","|Case=Nom|Definite=Ind|Gender=Neut|Number=Plur|","|företag..2:0.837|företag..1:0.163|"
"***","skapar","|alstring|form|förmåga|grund|gudom|skicklighet|tillvaro|verklighet|","|Intentionally_create|","|skapa|","|","|","|skapa..vb.1|","neutral","null","ROOT","VB.PRS.AKT","VB","11","|Mood=Ind|Tense=Pres|VerbForm=Fin|Voice=Act|","|skapa..1:-1.000|"
"***","förutsättningar","|antagande|betingelse|bevis|förbehåll|förhand|förhoppning|förmåga|grund|logik|omständighet|tankeämne|","|","|förutsättning|","|förut..ab.1+sättning..nn.1:4.029e-12|för..nn.1+ut..ab.1+sättning..nn.1:3.134e-21|föra..vb.1+ut..ab.1+sättning..nn.1:4.884e-22|","|förut+sättningar|för+ut+sättningar|","|förutsättning..nn.1|","neutral","11","OO","NN.UTR.PLU.IND.NOM","NN","12","|Case=Nom|Definite=Ind|Gender=Com|Number=Plur|","|förutsättning..1:-1.000|"
"***","för","|","|","|för|","|","|","|för..pp.1|","null","12","ET","PP","PP","13","|","|för..1:-1.000|för..5:-1.000|för..6:-1.000|för..7:-1.000|för..9:-1.000|"
"","en","|","|","|en|","|","|","|en..al.1|","null","16","DT","DT.UTR.SIN.IND","DT","14","|Definite=Ind|Gender=Com|Number=Sing|","|den..1:-1.000|en..2:-1.000|"
"","livskraftig","|hälsa|liv|storhet|","|Health_status|","|livskraftig|","|liv..nn.1+kraftig..av.1:4.105e-12|livs..nn.1+kraftig..av.1:4.105e-12|livs..av.1+kraftig..av.1:2.222e-20|","|livs+kraftig|","|livskraftig..av.1|","null","16","AT","JJ.POS.UTR.SIN.IND.NOM","JJ","15","|Case=Nom|Definite=Ind|Degree=Pos|Gender=Com|Number=Sing|","|livskraftig..1:-1.000|"
"","landsbygd","|inland|land|","|Political_locales|","|landsbygd|","|land..nn.1+bygd..nn.1:2.667e-12|land..nn.2+bygd..nn.1:2.667e-12|land..nn.3+bygd..nn.1:2.667e-12|","|lands+bygd|","|landsbygd..nn.1|","null","13","PA","NN.UTR.SIN.IND.NOM","NN","16","|Case=Nom|Definite=Ind|Gender=Com|Number=Sing|","|landsbygd..1:-1.000|"
"",".","|","|","|","|","|","|","null","11","IP","MAD","MAD","17","|","|"