"corpus","match_position","left context","match","right_context","text_source","text_party","text_blingbring","text__id","text_lix","text_nk","text_ovix","text_year","text_type","text_type_id","text_title","text_swefn","text_party_name"
"Svenska partiprogram och valmanifest","32071","Sverigebygget förstärker bostadsbyggandet och","skapar förutsättningar för","ytterligare 50 000 bostäder till 2020 och lägger grund för uppåt 20 000 nya byggjobb varje år .","Hämtat från partiets officiella hemsida.","all","|filantropi:11.025|tilltagande:7.749|hälsosamhet:7.585|","cf98","47.65","1.52","66.05","2014","Valmanifest - Riksdagsval","v","Vi bygger Sverige - Alliansens valmanifest 2014-2018","|Alliance:59.929|Be_on_alert:55.686|Cause_change_of_strength:41.279|","Alliansen"
"Svenska partiprogram och valmanifest","33190","Att slå vakt om , och vid behov stärka , det finanspolitiska ramverket och att vidta åtgärder för ökad ekonomisk stabilitet","skapar förutsättningar för","att stå emot kriser och för att ge långsiktig trovärdighet för den ekonomiska politiken .","Hämtat från partiets officiella hemsida.","all","|filantropi:11.025|tilltagande:7.749|hälsosamhet:7.585|","cf98","47.65","1.52","66.05","2014","Valmanifest - Riksdagsval","v","Vi bygger Sverige - Alliansens valmanifest 2014-2018","|Alliance:59.929|Be_on_alert:55.686|Cause_change_of_strength:41.279|","Alliansen"
"Svenska partiprogram och valmanifest","33925","Vi","skapar förutsättningar för","ett mer jämlikt och jämställt samhälle och stärker sammanhållningen i vårt land .","Hämtat från partiets officiella hemsida.","all","|filantropi:11.025|tilltagande:7.749|hälsosamhet:7.585|","cf98","47.65","1.52","66.05","2014","Valmanifest - Riksdagsval","v","Vi bygger Sverige - Alliansens valmanifest 2014-2018","|Alliance:59.929|Be_on_alert:55.686|Cause_change_of_strength:41.279|","Alliansen"
"Svenska partiprogram och valmanifest","46838","En starkare ekonomi och fler i arbete","skapar förutsättningar för","en positiv utveckling av pensionerna under de kommande åren .","Hämtat från partiets officiella hemsida.","all","|filantropi:11.025|tilltagande:7.749|hälsosamhet:7.585|","cf98","47.65","1.52","66.05","2014","Valmanifest - Riksdagsval","v","Vi bygger Sverige - Alliansens valmanifest 2014-2018","|Alliance:59.929|Be_on_alert:55.686|Cause_change_of_strength:41.279|","Alliansen"
"Svenska partiprogram och valmanifest","99616","En ökad uppslutning kring centerpartiet","skapar förutsättningar för","en politik , som på grundval av den enskilda företagsamheten och de enskilda människornas initiativ främjar en välståndsutveckling till gagn för alla .","Hämtat från forskningsprojektet ""Partiernas opinionspåverkan"", finansierat av HSFR, juli 1991-juni 1994. Peter Esaiasson och Niclas Håkansson, Statsvetenskapliga institiutionen vid Göteborgs universitet.","c","|medelväg:32.0|billighet:13.87|kreditväsen:13.647|","7794","56.38","2.23","73.67","1960","Valmanifest - Riksdagsval","v","Centerpartiets valprogram inför valet den 18 september 1960","|Satisfying:256.677|Enforcing:152.56|Agriculture:143.027|","Centerpartiet"
"Svenska partiprogram och valmanifest","111270","Vissa delar av befolkningen riskerar att i form av sänkt standard och minskad trygghet få betala den välståndshöjning som de snabba förändringarna i samhället","skapar förutsättningar för",".","Hämtat från forskningsprojektet ""Partiernas opinionspåverkan"", finansierat av HSFR, juli 1991-juni 1994. Peter Esaiasson och Niclas Håkansson, Statsvetenskapliga institiutionen vid Göteborgs universitet.","c","|betalning:7.874|medelväg:7.344|fortgång:6.857|","c85b","55.01","2.25","73.19","1968","Valmanifest - Riksdagsval","v","Valprogrammet 68 Centern","|Be_on_alert:323.513|Seeking_to_achieve:75.695|Agriculture:73.186|","Centerpartiet"
"Svenska partiprogram och valmanifest","112930","Övergång till en mera sammanhållen undervisning på grundskolans högstadium är angelägen med hänsyn till att en förenklad organisation","skapar förutsättningar för","en bättre geografisk spridning av grundskoleutbildningen .","Hämtat från forskningsprojektet ""Partiernas opinionspåverkan"", finansierat av HSFR, juli 1991-juni 1994. Peter Esaiasson och Niclas Håkansson, Statsvetenskapliga institiutionen vid Göteborgs universitet.","c","|betalning:7.874|medelväg:7.344|fortgång:6.857|","c85b","55.01","2.25","73.19","1968","Valmanifest - Riksdagsval","v","Valprogrammet 68 Centern","|Be_on_alert:323.513|Seeking_to_achieve:75.695|Agriculture:73.186|","Centerpartiet"
"Svenska partiprogram och valmanifest","136675","Detta","skapar förutsättningar för","god livskvalitet .","Dokumentet är hämtat från riksdagens bibliotek.","c","|parallellism:18.597|fortgång:9.373|förbehåll:7.218|","90fb","53.98","2.13","65.81","1981","Partiprogram","p","Centerpartiets partiprogram 1981","|Satisfying:138.121|Make_possible_to_do:82.45|Seeking_to_achieve:55.945|","Centerpartiet"
"Svenska partiprogram och valmanifest","155355","Detta","skapar förutsättningar för","god livskvalitet .","Hämtat från forskningsprojektet ""Partiernas opinionspåverkan"", finansierat av HSFR, juli 1991-juni 1994. Peter Esaiasson och Niclas Håkansson, Statsvetenskapliga institiutionen vid Göteborgs universitet.","c","|parallellism:29.7|sparsamhet:10.774|medelväg:9.565|","8674","53.93","2.32","73.13","1982","Valmanifest - Riksdagsval","v","Gemenskap där alla behövs","|Satisfying:126.05|Make_possible_to_do:76.612|Seeking_to_achieve:39.436|","Centerpartiet"
"Svenska partiprogram och valmanifest","168173","Decentralisering av offentlig service","skapar förutsättningar för","mindre orter att utvecklas .","Antaget av extra riksstämma i Västerås den 26 - 27 oktober 1990","c","|parallellism:18.874|fortgång:17.37|osjälviskhet:9.011|","c410","52.10","2.08","68.16","1990","Partiprogram","p","Centerpartiets partiprogram 1990","|Manipulate_into_shape:52.78|Overcoming_misunderstandings:52.512|Make_possible_to_do:40.572|","Centerpartiet"
"Svenska partiprogram och valmanifest","188123","Förutsättningar att växa Självbestämmande , livskvalitet , företagsamhet och allas lika möjligheter är viktiga värden som sammantaget kännetecknar Centerpartiets politik , och som","skapar förutsättningar för","människor att växa .","Centerpartiets idéprogram antaget i Västervik 19 juni 2001","c","|parallellism:16.744|växtriket:16.46|medelväg:15.215|","ce4c","51.60","1.71","59.58","2001","Idéprogram","i","Där människor får växa","|Gusto:136.267|Manipulate_into_shape:89.742|Seeking_to_achieve:55.581|","Centerpartiet"
"Svenska partiprogram och valmanifest","214364","5.2 Mer förnybar energi Som en del i Alliansregeringen har Centerpartiet medverkat till en historisk klimat- och energiöverenskommelse som","skapar förutsättningar för","en storsatsning på förnybar energi .","Hämtat från partiets officiella hemsida.","c","|medelväg:19.841|olärd:19.434|grönt:8.991|","39c6","49.40","1.76","68.87","2010","Valmanifest - Riksdagsval","v","Framtiden tillhör dem som vågar - Fler jobb i nya och växande företag, förnyad välfärd och god miljö","|Rope_manipulation:90.528|Gusto:75.476|Historic_event:56.19|","Centerpartiet"
"Svenska partiprogram och valmanifest","248001","Digitaliseringen i vården","skapar förutsättningar för","att mer av vården kan göras nära patienten .","Hämtat från partiets officiella hemsida.","c","|olärd:19.803|tredubbling:10.754|medelväg:9.591|","7319","46.90","1.53","63.93","2018","Valmanifest - Riksdagsval","v","Nytt ledarskap för Sverige framåt - valmanifest 2018 + Nytt ledarskap för Sverige - valplattform 2018","|Labeling:209.299|Confronting_problem:33.68|Reforming_a_system:29.373|","Centerpartiet"
"Svenska partiprogram och valmanifest","380825","En sådan insikt","skapar förutsättningar för","att gripa tag i möjligheterna som globaliseringen bär med sig .","Hämtat från partiets officiella hemsida.","fi","|parallellism:23.537|kraftmedel:9.267|olaglighet:8.777|","5844","49.38","1.87","67.48","2019","Partiprogram","p","För en feministisk politik - Partiprogram för Feministiskt Initiativ 2019-2021","|Make_possible_to_do:54.209|Treating_and_mistreating:54.144|Ratification:38.739|","Feministiskt initiativ"
"Svenska partiprogram och valmanifest","446846","Den","skapar förutsättningar för","en hållbar livsstil med mer tid för familj , relationer , och samhällsengagemang , samt fokus på fysisk och psykisk hälsa .","Hämtat från partiets officiella hemsida.","fi","|parallellism:23.699|olaglighet:15.254|sjöfarande och luftseglare:12.618|","794d","51.02","1.63","67.55","2022","Valmanifest - Riksdagsval","v","Med omsorg för alla liv och allt - Feministiskt iniciativs valplattform 2022","|Ratification:100.304|Historic_event:68.377|Pardon:60.323|","Feministiskt initiativ"
"Svenska partiprogram och valmanifest","466737","I den mån utvecklingen","skapar förutsättningar för","en lagstiftning i förbudsriktning känner frisinnade folkpartiet sig av sin demokratiska o h socialreformatoriska grundsyn förpliktat att jämväl i detta avseende realisera .","Hämtat från ""Svenska valprogram 1902-1952"", sammanställda av Sven-Olov Håkansson vid Statsvetenskapliga inst. Göteborgs universitet 1959. ISBN 99-0391724-4","fp","|smältning:19.287|filantropi:12.919|sparsamhet:10.782|","01dc","59.16","2.21","84.92","1924","Valmanifest - Riksdagsval","v","Frisinnade folkpartiets valprogram 1924","|Agriculture:116.85|Execute_plan:93.582|Preventing:86.968|","Folkpartiet liberalerna"
"Svenska partiprogram och valmanifest","469588","I den mån utvecklingen","skapar förutsättningar för","en lagstiftning i förbudsriktning känner Frisinnade Folkpartiet sig alltjämt av sin demokratiska och socialreformatoriska grundsyn förpliktat att jämväl i detta avseende realisera folkets önskemål och främja dess bästa .","Hämtat från ""Svenska valprogram 1902-1952"", sammanställda av Sven-Olov Håkansson vid Statsvetenskapliga inst. Göteborgs universitet 1959. ISBN 99-0391724-4","fp","|smältning:9.516|fortgång:9.329|stank:8.715|","b529","59.89","2.10","85.54","1928","Valmanifest - Riksdagsval","v","Det frisinnade folkpartiets valprogram 1928","|Scope:120.969|Win_prize:118.655|Agriculture:80.712|","Folkpartiet liberalerna"
"Svenska partiprogram och valmanifest","510668","Dessa krav tillgodoses bäst genom en konkurrens som","skapar förutsättningar för","en mer balanserad nyhetsinformation och en mer mångsidig programpolitik .","Dokumentet kommer från Göteborgs universitetsbibliotek.","fp","|osjälviskhet:11.445|nykterhet:8.939|fortgång:8.145|","57bb","52.81","1.87","74.38","1972","Partiprogram","p","Socialliberal kurs","|Seeking_to_achieve:46.044|Social_care_scenario:37.844|Institutionalization:31.629|","Folkpartiet liberalerna"
"Svenska partiprogram och valmanifest","528367","En satsning på kollektivtrafik är av starkt miljöpolitiskt intresse genom att den","skapar förutsättningar för","att minska privatbilismen .","Dokumentet kommer från Göteborgs universitetsbibliotek.","fp","|frikostighet:12.541|osjälviskhet:9.796|sparsamhet:7.785|","7506","50.51","1.77","72.85","1982","Partiprogram","p","Liberalismen","|Satisfying:34.289|Overcoming_misunderstandings:32.111|Seeking_to_achieve:28.735|","Folkpartiet liberalerna"
"Svenska partiprogram och valmanifest","551720","Demokratiseringen i Öst- och Centraleuropa","skapar förutsättningar för","det .","Hämtat från forskningsprojektet ""Partiernas opinionspåverkan"", finansierat av HSFR, juli 1991-juni 1994. Peter Esaiasson och Niclas Håkansson, Statsvetenskapliga institiutionen vid Göteborgs universitet.","fp","|frikostighet:23.562|vanställning:8.341|osjälviskhet:8.339|","9d3a","41.64","1.33","64.44","1991","Valmanifest - Riksdagsval","v","Det nya Sverige. Ett liberalare Sverige.","|Strictness:77.217|Atonement:48.824|Manipulate_into_shape:43.963|","Folkpartiet liberalerna"
"Svenska partiprogram och valmanifest","743420","Mindre skolenheter och klasser","skapar förutsättningar för","en bättre mänsklig gemenskap .","Inskannat från partiets egna tryckta material","kd","|bekännelse:37.791|nykterhet:22.621|osjälviskhet:12.26|","4587","53.17","1.90","71.55","1979","Partiprogram","p","Kristen Demokratisk Samling - Partiprogram 1979","|Institutionalization:71.148|Satisfying:63.758|People_by_religion:61.586|","Kristdemokraterna"
"Svenska partiprogram och valmanifest","763284","Mindre skolenheter och klasser","skapar förutsättningar för","en bättre mänsklig gemenskap .","Inskannat från partiets egna tryckta material","kd","|bekännelse:40.313|nykterhet:19.28|osjälviskhet:11.99|","29fd","53.73","1.98","69.70","1984","Partiprogram","p","Kristen Demokratisk Samling - Partiprogram 1984","|Satisfying:82.767|People_by_religion:67.488|Social_care_scenario:62.968|","Kristdemokraterna"
"Svenska partiprogram och valmanifest","771668","* Hälso- och sjukvårdsinrättningar bör lokaliseras så att de ger närhet och trygghet samt","skapar förutsättningar för","personlig omsorg om varje patient .","Inskannat från partiets egna tryckta material","kd","|bekännelse:40.313|nykterhet:19.28|osjälviskhet:11.99|","29fd","53.73","1.98","69.70","1984","Partiprogram","p","Kristen Demokratisk Samling - Partiprogram 1984","|Satisfying:82.767|People_by_religion:67.488|Social_care_scenario:62.968|","Kristdemokraterna"
"Svenska partiprogram och valmanifest","783481","Större vikt skall läggas vid att biståndet leder till utjämning och","skapar förutsättningar för","demokratisk utveckling och oberoende .","Inskannat från partiets egna tryckta material","kd","|parallellism:15.726|bekännelse:13.393|obotfärdighet:8.243|","338d","54.15","2.03","78.50","1987","Partiprogram","p","Kristdemokratiska Samhällspartiet - Partiprogram 1987","|Institutionalization:107.58|Justifying:62.266|Seeking_to_achieve:55.103|","Kristdemokraterna"
"Svenska partiprogram och valmanifest","789918","Dessa grundtankar","skapar förutsättningar för","ett mångsidigt och solidariskt samhälle , där människans behov får komma till uttryck , både socialt och individuellt , andligt såväl som materiellt .","Hämtat från partiets officiella hemsida.","kd","|bekännelse:12.982|osjälviskhet:9.626|fortgång:9.425|","db52","53.19","2.05","71.77","1993","Principprogram","c","Principprogram för gemenskap och människovärde","|Satisfying:66.751|Entity_specific_change_of_state:51.081|Seeking_to_achieve:38.153|","Kristdemokraterna"
"Svenska partiprogram och valmanifest","810137","Flexibel skolstart och möjlighet att utnyttja ett tionde år i grundskolan","skapar förutsättningar för","att alla ska kunna uppnå läroplanens mål .","Hämtat från partiets officiella hemsida.","kd","|rabatt:9.63|skyddsmedel:7.37|huvuddel:7.185|","ba76","51.17","2.01","84.16","1998","Valmanifest - Riksdagsval","v","Valmanifest för ett tryggare och friare Sverige","|Make_possible_to_do:55.341|Preventing:43.157|Reforming_a_system:37.788|","Kristdemokraterna"
"Svenska partiprogram och valmanifest","820718","Bäst görs detta genom att EUländerna","skapar förutsättningar för","livslångt lärande och en dynamisk ekonomisk utveckling i alla regioner .","Hämtat från partiets officiella hemsida.","kd","|bekännelse:14.178|gravyrkonst:9.717|gemensamhet:8.332|","5564","52.37","1.71","69.28","2001","Principprogram","c","Kristdemokraternas principprogram 2001","|Preventing:34.033|Execute_plan:29.297|Satisfying:28.721|","Kristdemokraterna"
"Svenska partiprogram och valmanifest","825028","Det bör finnas en rättighetslag för funktionshindrade vilken","skapar förutsättningar för","goda levnadsvillkor .","Hämtat från partiets officiella hemsida.","kd","|bekännelse:14.178|gravyrkonst:9.717|gemensamhet:8.332|","5564","52.37","1.71","69.28","2001","Principprogram","c","Kristdemokraternas principprogram 2001","|Preventing:34.033|Execute_plan:29.297|Satisfying:28.721|","Kristdemokraterna"
"Svenska partiprogram och valmanifest","839501","Jordbrukspolitiken bör utformas så att den","skapar förutsättningar för","närhet mellan producent och konsument .","Hämtat från partiets officiella hemsida.","kd","|bekännelse:14.178|gravyrkonst:9.717|gemensamhet:8.332|","5564","52.37","1.71","69.28","2001","Principprogram","c","Kristdemokraternas principprogram 2001","|Preventing:34.033|Execute_plan:29.297|Satisfying:28.721|","Kristdemokraterna"
"Svenska partiprogram och valmanifest","844917","Det krävs därför en politik som","skapar förutsättningar för","mer tid för barnen .","Hämtat från partiets officiella hemsida.","kd","|gravyrkonst:11.608|skyddsmedel:8.941|inskjutning:7.181|","7eb9","46.51","1.81","71.72","2002","Valmanifest - Riksdagsval","v","Tid för förändring. Tid för handling.","|Entity_specific_change_of_state:88.752|Confronting_problem:84.907|Preventing:84.57|","Kristdemokraterna"
"Svenska partiprogram och valmanifest","866961","Frihandel","skapar förutsättningar för","tillväxt och utveckling .","Hämtat från partiets officiella hemsida.","kd","|filantropi:12.426|ömsesidighet:10.987|olaglighet:10.492|","7f42","54.46","1.66","68.17","2013","Partiprogram - EU","p_eu","Kristdemokraternas Europapolitiska program inför Europavalet 2014","|Confronting_problem:50.392|Terrorism:44.174|Alliance:44.058|","Kristdemokraterna"
"Svenska partiprogram och valmanifest","871739","Värna och utveckla RUT- och ROT-avdragen RUT- och ROT-avdragen öppnar nya marknader och","skapar förutsättningar för","nya företag och jobb .","Hämtat från partiets officiella hemsida.","kd","|parallellism:22.476|filantropi:16.311|rabatt:8.494|","efd0","49.95","1.66","71.45","2014","Valmanifest - Riksdagsval","v","Frihet och gemenskap - Kristdemokraternas valmanifest 2014","|Preventing:48.443|Make_possible_to_do:41.413|Reforming_a_system:32.991|","Kristdemokraterna"
"Svenska partiprogram och valmanifest","871748","Avdragen","skapar förutsättningar för","barnfamiljer och äldre att få avlastning med olika sysslor i hemmet .","Hämtat från partiets officiella hemsida.","kd","|parallellism:22.476|filantropi:16.311|rabatt:8.494|","efd0","49.95","1.66","71.45","2014","Valmanifest - Riksdagsval","v","Frihet och gemenskap - Kristdemokraternas valmanifest 2014","|Preventing:48.443|Make_possible_to_do:41.413|Reforming_a_system:32.991|","Kristdemokraterna"
"Svenska partiprogram och valmanifest","887357","Bäst görs detta genom att EU-länderna","skapar förutsättningar för","livslångt lärande och en dynamisk ekonomisk utveckling i alla regioner .","Hämtat från partiets officiella hemsida.","kd","|bekännelse:14.699|gravyrkonst:11.287|gemensamhet:8.992|","9e55","52.06","1.72","68.06","2015","Principprogram","c","Kristdemokraternas principprogram 2015","|Preventing:34.263|Execute_plan:32.772|Seeking_to_achieve:23.873|","Kristdemokraterna"
"Svenska partiprogram och valmanifest","891242","Det bör finnas en rättighetslag som","skapar förutsättningar för","goda levnadsvillkor .","Hämtat från partiets officiella hemsida.","kd","|bekännelse:14.699|gravyrkonst:11.287|gemensamhet:8.992|","9e55","52.06","1.72","68.06","2015","Principprogram","c","Kristdemokraternas principprogram 2015","|Preventing:34.263|Execute_plan:32.772|Seeking_to_achieve:23.873|","Kristdemokraterna"
"Svenska partiprogram och valmanifest","903836","Jordbrukspolitiken bör utformas så att den","skapar förutsättningar för","närhet mellan producent och konsument .","Hämtat från partiets officiella hemsida.","kd","|bekännelse:14.699|gravyrkonst:11.287|gemensamhet:8.992|","9e55","52.06","1.72","68.06","2015","Principprogram","c","Kristdemokraternas principprogram 2015","|Preventing:34.263|Execute_plan:32.772|Seeking_to_achieve:23.873|","Kristdemokraterna"
"Svenska partiprogram och valmanifest","1066747","Säkerhetspolitik och försvar Sveriges alliansfria politik , stödd på ett starkt försvar , bidrar till stabiliteten i norra Europa och","skapar förutsättningar för","neutralitet i krigstid .","","m","|förbehåll:11.249|avund:9.341|sparsamhet:9.339|","578a","51.01","1.81","71.53","1984","Handlingsprogram","h","Moderaternas handlingsprogram 1984","|Make_possible_to_do:61.594|Limiting:58.115|Preventing:48.033|","Moderaterna"
"Svenska partiprogram och valmanifest","1088521","Säkerhetspolitik och försvar Sveriges alliansfria politik , stödd på ett starkt försvar , bidrar till stabiliteten i norra Europa och","skapar förutsättningar för","neutralitet i krigstid .","Hämtat från partiets officiella hemsida.","m","|förbehåll:10.723|räddning:9.108|löshet:8.973|","1972","51.16","1.84","70.75","1984","Partiprogram","p","Moderaternas partiprogram 1984","|People_by_jurisdiction:54.056|Limiting:52.46|Make_possible_to_do:51.323|","Moderaterna"
"Svenska partiprogram och valmanifest","1096061","Det finns en rad självständiga institutioner , medier och yrkesgrupper som","skapar förutsättningar för","bred och konstruktiv samhällsdebatt och en mångfald av lösningar och samarbetsformer .","","m","|fortgång:9.103|betalning:7.93|filantropi:7.856|","9757","51.87","1.71","69.72","1993","Handlingsprogram","h","Moderaternas handlingsprogram 1993","|Being_obligatory:60.881|Use_as_a_starting_point:39.874|People_by_jurisdiction:39.681|","Moderaterna"
"Svenska partiprogram och valmanifest","1096551","Ett brett utbud av tidningar , tidskrifter , radio och television","skapar förutsättningar för","en levande samhälls- och kulturdebatt .","","m","|fortgång:9.103|betalning:7.93|filantropi:7.856|","9757","51.87","1.71","69.72","1993","Handlingsprogram","h","Moderaternas handlingsprogram 1993","|Being_obligatory:60.881|Use_as_a_starting_point:39.874|People_by_jurisdiction:39.681|","Moderaterna"
"Svenska partiprogram och valmanifest","1097169","Det","skapar förutsättningar för","beslutsfattande och handling på de områden som är alleuropeiska utmaningar : Central- och Östeuropas fredliga omvandling och integration med det övriga Europa , vården av den öppna ekonomin , miljö- och migrationspolitiken .","","m","|fortgång:9.103|betalning:7.93|filantropi:7.856|","9757","51.87","1.71","69.72","1993","Handlingsprogram","h","Moderaternas handlingsprogram 1993","|Being_obligatory:60.881|Use_as_a_starting_point:39.874|People_by_jurisdiction:39.681|","Moderaterna"
"Svenska partiprogram och valmanifest","1100151","Ekonomisk frihet","skapar förutsättningar för","individuell frigörelse och social rörlighet .","","m","|fortgång:9.103|betalning:7.93|filantropi:7.856|","9757","51.87","1.71","69.72","1993","Handlingsprogram","h","Moderaternas handlingsprogram 1993","|Being_obligatory:60.881|Use_as_a_starting_point:39.874|People_by_jurisdiction:39.681|","Moderaterna"
"Svenska partiprogram och valmanifest","1106168","Privatiseringar","skapar förutsättningar för","en sundare offentlig ekonomi och för högre lönsamhet i de enskilda verksamheterna .","","m","|fortgång:9.103|betalning:7.93|filantropi:7.856|","9757","51.87","1.71","69.72","1993","Handlingsprogram","h","Moderaternas handlingsprogram 1993","|Being_obligatory:60.881|Use_as_a_starting_point:39.874|People_by_jurisdiction:39.681|","Moderaterna"
"Svenska partiprogram och valmanifest","1109287","Detta","skapar förutsättningar för","ett marknads- och patien- torienterat system .","","m","|fortgång:9.103|betalning:7.93|filantropi:7.856|","9757","51.87","1.71","69.72","1993","Handlingsprogram","h","Moderaternas handlingsprogram 1993","|Being_obligatory:60.881|Use_as_a_starting_point:39.874|People_by_jurisdiction:39.681|","Moderaterna"
"Svenska partiprogram och valmanifest","1114502","Ett rikt kulturliv befordrar mångfasetterade , reflekterande personligheter och","skapar förutsättningar för","ett rikare liv .","","m","|fortgång:9.103|betalning:7.93|filantropi:7.856|","9757","51.87","1.71","69.72","1993","Handlingsprogram","h","Moderaternas handlingsprogram 1993","|Being_obligatory:60.881|Use_as_a_starting_point:39.874|People_by_jurisdiction:39.681|","Moderaterna"
"Svenska partiprogram och valmanifest","1180080","Den gemensamma finansieringen tillsammans med valfrihet och mångfald","skapar förutsättningar för","varje elev att komma till sin rätt och utvecklas i sina talanger .","Hämtat från partiets officiella hemsida.","m","|räddning:9.049|gåpåare:8.791|osjälviskhet:8.724|","4690","48.52","1.42","63.27","2011","Idéprogram","i","Ansvar för hela Sverige","|Make_possible_to_do:97.903|Cure_mod:56.358|Function:50.609|","Moderaterna"
"Svenska partiprogram och valmanifest","1182727","Starka offentliga finanser ger också motståndskraft mot kriser och","skapar förutsättningar för","att klara kvaliteten i välfärden under sämre ekonomiska tider .","Hämtat från partiets officiella hemsida.","m","|olaglighet:11.995|försyndelse:10.949|orätt:9.665|","b534","49.67","1.68","66.11","2013","Framtidsförslag","f","Framtidsförslag för hela Sverige","|Preventing:53.253|Make_possible_to_do:32.778|Cause_change_of_strength:24.867|","Moderaterna"
"Svenska partiprogram och valmanifest","1188480","Kunskap till alla genom en allmän och fri skola","skapar förutsättningar för","var och en att göra det mesta av sin förmåga .","Hämtat från partiets officiella hemsida.","m","|olaglighet:11.995|försyndelse:10.949|orätt:9.665|","b534","49.67","1.68","66.11","2013","Framtidsförslag","f","Framtidsförslag för hela Sverige","|Preventing:53.253|Make_possible_to_do:32.778|Cause_change_of_strength:24.867|","Moderaterna"
"Svenska partiprogram och valmanifest","1191361","IT och modern teknik","skapar förutsättningar för","konstruktiv individualisering i skolarbetet .","Hämtat från partiets officiella hemsida.","m","|olaglighet:11.995|försyndelse:10.949|orätt:9.665|","b534","49.67","1.68","66.11","2013","Framtidsförslag","f","Framtidsförslag för hela Sverige","|Preventing:53.253|Make_possible_to_do:32.778|Cause_change_of_strength:24.867|","Moderaterna"
"Svenska partiprogram och valmanifest","1235731","FRÄMJA FÖRETAGSAMHET OCH TILLVÄXT Entreprenörskap och företagsamhet","skapar förutsättningar för","alla jobb och all välfärd .","Hämtat från partiets officiella hemsida.","m","|fortgång:8.605|högmod:7.673|förbehåll:6.35|","337a","49.57","1.53","65.68","2013","Handlingsprogram","h","Ett modernt arbetarparti för hela Sverige - Moderaternas handlingsprogram 2013","|Make_possible_to_do:61.785|Confronting_problem:41.463|Having_or_lacking_access:34.987|","Moderaterna"
"Svenska partiprogram och valmanifest","1236630","Rättvis lönebildning och en jämställd arbetsmarknad","skapar förutsättningar för","att kvinnor och män själva ska kunna bestämma hur de fördelar sin tid .","Hämtat från partiets officiella hemsida.","m","|fortgång:8.605|högmod:7.673|förbehåll:6.35|","337a","49.57","1.53","65.68","2013","Handlingsprogram","h","Ett modernt arbetarparti för hela Sverige - Moderaternas handlingsprogram 2013","|Make_possible_to_do:61.785|Confronting_problem:41.463|Having_or_lacking_access:34.987|","Moderaterna"
"Svenska partiprogram och valmanifest","1245782","En sådan förvaltning","skapar förutsättningar för","att värna Sveriges långa jakttraditioner och samtidigt ha livskraftiga stammar av vilt och rovdjur .","Hämtat från partiets officiella hemsida.","m","|fortgång:8.605|högmod:7.673|förbehåll:6.35|","337a","49.57","1.53","65.68","2013","Handlingsprogram","h","Ett modernt arbetarparti för hela Sverige - Moderaternas handlingsprogram 2013","|Make_possible_to_do:61.785|Confronting_problem:41.463|Having_or_lacking_access:34.987|","Moderaterna"
"Svenska partiprogram och valmanifest","1255533","Den gemensamma finansieringen tillsammans med valfrihet och mångfald","skapar förutsättningar för","varje elev att komma till sin rätt och utvecklas i sina talanger .","Hämtat från partiets officiella hemsida.","m","|räddning:9.064|gåpåare:8.806|osjälviskhet:8.738|","e0f1","48.44","1.42","63.20","2013","Idéprogram","i","Ansvar för hela Sverige- Moderaternas Idéprogram","|Make_possible_to_do:98.063|Cure_mod:56.45|Function:50.692|","Moderaterna"
"Svenska partiprogram och valmanifest","1260895","Den binder ihop människor och skapar kontakter mellan folk och kulturer samtidigt som den","skapar förutsättningar för","jobb och tillväxt .","Hämtat från partiets officiella hemsida.","m","|tredubbling:16.5|filantropi:15.291|fortgång:12.939|","2e76","49.89","1.67","66.61","2013","Valmanifest - Europaval","v_eu","Ansvar och möjligheter - Moderaternas Europaplattform 2013","|Execute_plan:41.538|Alliance:39.864|People_by_jurisdiction:32.441|","Moderaterna"
"Svenska partiprogram och valmanifest","1277785","Ökade möjligheter till livsmedelsproduktion och stärkt konkurrenskraft hos landsbygdens företag","skapar förutsättningar för","en livskraftig landsbygd .","Hämtat från partiets officiella hemsida.","m","|tredubbling:20.005|filantropi:11.123|parallellism:9.306|","079c","44.78","1.59","67.63","2018","Valmanifest - Riksdagsval","v","Nu tar vi tag i Sverige - Valmanifest 2018","|Preventing:39.002|Historic_event:31.325|Cause_change_of_strength:30.882|","Moderaterna"
"Svenska partiprogram och valmanifest","1466225","IT i demokratin Informationstekniken","skapar förutsättningar för","en mer deltagande och direkt demokrati .","Hämtat från partiets officiella hemsida.","mp","|olärd:8.408|fortgång:7.239|lekman:6.703|","9bec","49.93","1.66","69.42","2005","Partiprogram","p","Grön ideologi - Ett krav på handling","|Treating_and_mistreating:53.075|Preventing:44.392|Gusto:43.538|","Miljöpartiet de gröna"
"Svenska partiprogram och valmanifest","1494004","Det","skapar förutsättningar för","goda livsvillkor vilket bidrar till människors utveckling och välbefinnande .","Hämtat från partiets officiella hemsida.","mp","|olärd:19.043|parallellism:10.691|grönt:8.983|","8ec8","48.81","1.56","68.28","2013","Partiprogram","p","Miljöpartiets partiprogram 2013","|Gusto:58.008|Diversity:45.124|Cause_proliferation_in_number:30.45|","Miljöpartiet de gröna"
"Svenska partiprogram och valmanifest","1514157","I en ny regering vill vi : 1 . minska de svenska klimatutsläppen till hållbara nivåer och ta ansvar för det som vi lämnar över till våra barn och barnbarn 2 . göra stora investeringar för ett hållbart Sverige , som","skapar förutsättningar för","tiotusentals nya arbetstillfällen och rustar oss inför framtidens utmaningar 3 . minska byråkratin för lärare och återanställa personal i skolan så att varje elev får mer tid med sina lärare och det stöd hen behöver .","Hämtat från partiets officiella hemsida.","mp","|tredubbling:19.531|olärd:9.52|uttolkare:9.244|","cfd2","44.58","1.54","69.39","2014","Valmanifest - Riksdagsval","v","Miljöpartiets valmanifest 2014","|Overcoming_misunderstandings:84.261|Ratification:44.862|Capital_stock:38.385|","Miljöpartiet de gröna"
"Svenska partiprogram och valmanifest","1515367","Investeringar i förnybar energi , nya klimatsmarta stadsdelar , snabbare tåg och i att rusta våra samhällen för klimatförändringar","skapar förutsättningar för","30 000 fler jobb än med Alliansens politik .","Hämtat från partiets officiella hemsida.","mp","|tredubbling:19.531|olärd:9.52|uttolkare:9.244|","cfd2","44.58","1.54","69.39","2014","Valmanifest - Riksdagsval","v","Miljöpartiets valmanifest 2014","|Overcoming_misunderstandings:84.261|Ratification:44.862|Capital_stock:38.385|","Miljöpartiet de gröna"
"Svenska partiprogram och valmanifest","1515719","Det","skapar förutsättningar för","nya jobb i bland annat miljonprogramsområden .","Hämtat från partiets officiella hemsida.","mp","|tredubbling:19.531|olärd:9.52|uttolkare:9.244|","cfd2","44.58","1.54","69.39","2014","Valmanifest - Riksdagsval","v","Miljöpartiets valmanifest 2014","|Overcoming_misunderstandings:84.261|Ratification:44.862|Capital_stock:38.385|","Miljöpartiet de gröna"
"Svenska partiprogram och valmanifest","1854241","Sverigedemokraterna vill verka för ett bistånd som","skapar förutsättningar för","människor i fattigdom och förtryck att förbättra sina levnadsvillkor utifrån sina grundläggande behov i den omedelbara vardagen .","Hämtat från partiets officiella hemsida.","sd","|filantropi:16.919|parallellism:14.9|inskjutning:10.046|","ed6f","60.89","1.95","59.16","2018","Valmanifest - Riksdagsval","v","Sverigedemokraternas valmanifest 2018 + Sverigedemokraternas valplattform 2018","|Make_possible_to_do:96.088|Having_or_lacking_access:67.713|Want_suspect:45.868|","Sverigedemokraterna"
"Svenska partiprogram och valmanifest","1861170","Sverigedemokraterna vill verka för ett bistånd som","skapar förutsättningar för","människor i fattigdom och förtryck att förbättra sina levnadsvillkor utifrån sina grundläggande behov i den omedelbara vardagen .","Hämtat från partiets officiella hemsida.","sd","|filantropi:16.919|parallellism:14.9|inskjutning:10.046|","ed6f","60.89","1.95","59.16","2018","Valmanifest - Riksdagsval","v","Sverigedemokraternas valmanifest 2018 + Sverigedemokraternas valplattform 2018","|Make_possible_to_do:96.088|Having_or_lacking_access:67.713|Want_suspect:45.868|","Sverigedemokraterna"
"Svenska partiprogram och valmanifest","1888889","En god utbildning , idrott och föreningsliv","skapar förutsättningar för","att kunna förverkliga sina drömmar .","Hämtat från partiets officiella hemsida.","sd","|filantropi:12.584|vanställning:10.156|olaglighet:8.625|","5e46","56.13","1.71","70.97","2022","Valmanifest - Riksdagsval","v","Valplattform 2022. Inriktningsprogram för Sverigedemokraternas inflytande över svensk politik under nästa mandatperiod","|Mental_activity:266.617|Make_possible_to_do:55.551|Gusto:51.93|","Sverigedemokraterna"
"Svenska partiprogram och valmanifest","1919804","En kommunistisk valseger","skapar förutsättningar för","att slå reaktionen tillbaka , trygga freden och friheten och garantera en utveckling i folkmajoritetens intresse .","Hämtat från ""Svenska valprogram 1902-1952"", sammanställda av Sven-Olov Håkansson vid Statsvetenskapliga inst. Göteborgs universitet 1959. ISBN 99-0391724-4","v","|tillbakadrivning:39.818|ordvarietet:33.55|plebej:31.683|","eb9c","60.83","6.26","81.84","1948","Valmanifest - Riksdagsval","v","Till Sverges folk!","|Make_possible_to_do:384.643|Change_of_consistency:157.285|Distinctiveness:131.99|","Vänsterpartiet"
"Svenska partiprogram och valmanifest","1954076","Socialismen","skapar förutsättningar för","fred och betyder frihet från utsugning .","Inskannat från partiets egna tryckta material","v","|ordvarietet:33.366|smickrare:26.056|skattkammare:25.303|","f93a","54.57","2.67","75.42","1981","Partiprogram","p","Partiprogram för Vänsterpartiet kommunisterna 1981","|Imposing_obligation:935.474|Use_as_a_starting_point:190.076|Rope_manipulation:135.924|","Vänsterpartiet"
"Svenska partiprogram och valmanifest","1960914","Socialismen","skapar förutsättningar för","fred och betyder frihet från utsugning .","Inskannat från partiets egna tryckta material","v","|ordvarietet:32.246|smickrare:25.182|skattkammare:23.665|","56de","54.50","2.63","75.65","1985","Partiprogram","p","Partiprogram för Vänsterpartiet kommunisterna 1985","|Imposing_obligation:904.076|Use_as_a_starting_point:183.697|Rope_manipulation:131.361|","Vänsterpartiet"
"Svenska partiprogram och valmanifest","1977725","Detta strider mot breda folkliga intressen och","skapar förutsättningar för","en bred enighet .","Dokumentet är hämtat från Arbetarrörelsens arkiv.","v","|parallellism:25.964|skattkammare:19.025|fortgång:17.744|","6297","53.79","2.26","71.42","1987","Partiprogram","p","Partiprogram för Vänsterpartiet kommunisterna 1987","|Imposing_obligation:363.406|Foreign_influence:108.384|Rank:86.809|","Vänsterpartiet"
"Svenska partiprogram och valmanifest","1978563","Det ger kvinnor och män tid och ork för ett rikare socialt och kulturellt liv och","skapar förutsättningar för","ett delat ansvar för barnen .","Dokumentet är hämtat från Arbetarrörelsens arkiv.","v","|parallellism:25.964|skattkammare:19.025|fortgång:17.744|","6297","53.79","2.26","71.42","1987","Partiprogram","p","Partiprogram för Vänsterpartiet kommunisterna 1987","|Imposing_obligation:363.406|Foreign_influence:108.384|Rank:86.809|","Vänsterpartiet"
"","","","","","","","","","","","","","","","","",""
"## CQP query: [word = "".*skapar.*""] [word = "".*förutsättningar.*""] [word = "".*för.*""]","","","","","","","","","","","","","","","","",""
"## context: 1 sentence","","","","","","","","","","","","","","","","",""
"## within: sentence","","","","","","","","","","","","","","","","",""
"## sorting: none","","","","","","","","","","","","","","","","",""
"## start: 0","","","","","","","","","","","","","","","","",""
"## end: 499","","","","","","","","","","","","","","","","",""
"## Total hits: 68","","","","","","","","","","","","","","","","",""